{"type":"FeatureCollection","features":[{"type":"Feature","id":1,"geometry":{"type":"MultiPolygon","coordinates":[[[[74.24166723460597,14.711514690050022],[74.240847186837627,14.711981670043228],[74.23862828789872,14.711368309610615],[74.237715789114588,14.709274225248542],[74.240131330167472,14.708726832760282],[74.241488834580437,14.710169631597838],[74.24166723460597,14.711514690050022]]],[[[74.15677044579877,14.736785576571089],[74.158080026887959,14.738727020238343],[74.153388749589809,14.742213087085162],[74.152385755422259,14.740021433240114],[74.155480338388358,14.738469602136062],[74.15677044579877,14.736785576571089]]],[[[74.113416373968164,14.757676149815772],[74.111215040686346,14.760129831976464],[74.111516832400966,14.761363511678661],[74.110908469934387,14.76188313709533],[74.10930167674185,14.761503481647527],[74.10806655700658,14.759632502093499],[74.108168788879198,14.75775267369283],[74.110490859328451,14.756442343217319],[74.109492517535756,14.754941928949931],[74.109673710423507,14.753934277291629],[74.111382494740113,14.755357850663341],[74.113551208397368,14.754390919258089],[74.116072775806614,14.754282522648079],[74.117187361393704,14.753369744621704],[74.117986082258938,14.753749367357413],[74.119504554889332,14.752786858309941],[74.119049392009572,14.755195479270055],[74.116137783290469,14.755665364367609],[74.113416373968164,14.757676149815772]]],[[[74.088969970372474,14.79370774513994],[74.088983569967567,14.795501697425916],[74.085992302242317,14.796359842689629],[74.087218900558796,14.793684808802494],[74.088969970372474,14.79370774513994]]],[[[74.056752485595624,14.816593377419105],[74.055716421747505,14.817266380131814],[74.053993400930267,14.81633944721148],[74.054620631611115,14.815946547649451],[74.055470515124995,14.816439324644048],[74.057347391299245,14.815400563051023],[74.056752485595624,14.816593377419105]]],[[[74.064787634639373,14.819614210968069],[74.065749087114924,14.820102567116605],[74.064169380823188,14.821344802072092],[74.062088448738891,14.820910403321284],[74.062660266841405,14.819288311032654],[74.064787634639373,14.819614210968069]]],[[[74.05904571114111,14.821456388792786],[74.058060656329786,14.822161100770673],[74.057903323594303,14.820448374591543],[74.056584053276467,14.820470570799818],[74.057114049412633,14.818929785191889],[74.061656649243034,14.820223445822799],[74.061447153135632,14.821664890015033],[74.05904571114111,14.821456388792786]]],[[[74.093641084085746,14.835820304739901],[74.095861360141967,14.837564873660195],[74.093696370899906,14.838829866998921],[74.092525946933094,14.8370763693479],[74.093641084085746,14.835820304739901]]],[[[74.10003694068665,14.844660048652216],[74.097319015031019,14.846386011832148],[74.096139057244059,14.845757693578925],[74.097365919665251,14.842332464040945],[74.100743432419932,14.841176047630599],[74.101904616315764,14.843693173214575],[74.101263360238406,14.844827370297283],[74.10003694068665,14.844660048652216]]],[[[74.107751775652943,14.865194682597028],[74.107561297778389,14.865709812434128],[74.106279014694081,14.865411469024199],[74.106608861693374,14.864837615995933],[74.107751775652943,14.865194682597028]]],[[[74.291296796874249,15.832165886272675],[74.278334128883969,15.829292571993784],[74.261711855580245,15.829674033420572],[74.261570793131185,15.828484263309312],[74.263681992152343,15.824333367049716],[74.268964555841876,15.816592522753607],[74.266188220828127,15.809782038845334],[74.26680137940005,15.802509817004227],[74.267943941220025,15.800273286793256],[74.266474801370094,15.797795488346519],[74.270935747036134,15.795084721388069],[74.272391447191083,15.796415096970476],[74.274857608310271,15.796092116363495],[74.280776243001341,15.790733972824551],[74.283494253098596,15.790223395280266],[74.28485431142191,15.789231252356515],[74.285438143593055,15.787941759335444],[74.289823523875725,15.78772873512184],[74.289147663795291,15.791424511904314],[74.293298488567359,15.795273416377858],[74.296726454301648,15.794140141692191],[74.297874655745005,15.790965845013186],[74.299925293044666,15.790029374231338],[74.302339996867744,15.787459800311844],[74.305663889183094,15.789251938816488],[74.305789490727804,15.790075120074311],[74.309435622210358,15.791184874356578],[74.31176350116624,15.793262790072436],[74.313414327977355,15.796432266356899],[74.312906090834019,15.798200934424502],[74.311242734321326,15.799381480822369],[74.310066484779881,15.801457918217238],[74.306296175582361,15.803418076128651],[74.303367771062398,15.806664741260301],[74.300469185219953,15.814021907378351],[74.291296796874249,15.832165886272675]]],[[[77.3322991172016,18.450861139371746],[77.326895349220678,18.451749798330169],[77.327297012933656,18.454342921148346],[77.326415103581567,18.458846669998451],[77.324999653341223,18.4588124829653],[77.324973868997603,18.458166442960465],[77.319885094372779,18.458027216331846],[77.316877959704669,18.447985845638023],[77.317503020055767,18.447227069032145],[77.316851606727482,18.442253028312358],[77.314965169783662,18.442751611973296],[77.300657063551327,18.438180926795329],[77.300320252811957,18.436385375748902],[77.292189703583361,18.433499672722867],[77.28717387844776,18.430574424270173],[77.27903795909036,18.429797933629597],[77.273512119943845,18.424479966344137],[77.273246330010835,18.423022901324963],[77.265655049328714,18.422343163142941],[77.259368657835083,18.413261171102182],[77.253155003828297,18.412699214106581],[77.252155973926094,18.413303940723836],[77.251496231418486,18.412698128242031],[77.248182329267408,18.413480206342612],[77.241767956591858,18.412607131234626],[77.236506776399352,18.400796992583427],[77.236403835756008,18.398836941410107],[77.234762979346243,18.396764100644358],[77.235124014953868,18.392748363979258],[77.23368514563407,18.38820059578627],[77.239459739960864,18.378606894693821],[77.248424645323723,18.376056269412718],[77.246391029302046,18.370765613326689],[77.244729937442202,18.371072121334134],[77.233988481552657,18.369803321826357],[77.229481555618818,18.368058714408669],[77.225830909203651,18.365219966172262],[77.225404093561053,18.358694815737955],[77.224484384000121,18.355974520622006],[77.220091058118769,18.349273467301778],[77.225558108818205,18.348006925686782],[77.229584879842804,18.34820855777501],[77.222765679587823,18.339746639210453],[77.223081008913795,18.338227717195885],[77.219067188002327,18.325730497977275],[77.214775991585654,18.323239407281388],[77.211793963033116,18.31628065915304],[77.209261252022756,18.316890698079654],[77.206159865216719,18.319576227884816],[77.201667914198637,18.322165243397141],[77.198712466795342,18.315452184412159],[77.203108529843391,18.305421824034728],[77.202926048771502,18.297734467765693],[77.205550334041945,18.294097717860005],[77.209852804315432,18.294967259088597],[77.210230383297329,18.291320606638603],[77.209354985832761,18.287723668071337],[77.212099091989046,18.28339978768625],[77.21301332631829,18.280320303842704],[77.207037222805255,18.280622337915208],[77.20376728959404,18.280056111774794],[77.197473433998724,18.276609839309256],[77.195546866616198,18.278495944355715],[77.195405557130442,18.279810858934535],[77.190606014874248,18.282267315867553],[77.188213542557833,18.284742179823883],[77.180503292592761,18.285465199678278],[77.17481189304101,18.284861789300258],[77.171504504574045,18.27949351238119],[77.170727682838844,18.276700142824463],[77.169030752690716,18.265833396415577],[77.170405662860617,18.264306405395445],[77.169749319578059,18.260871236870759],[77.164546027720789,18.25784466373835],[77.159133765270553,18.255789880224626],[77.158832755988541,18.253699509618386],[77.157160074963187,18.25149185570287],[77.157105442122571,18.249938162745988],[77.154860699551264,18.24598676217099],[77.154893058664413,18.243702968117276],[77.151765196710343,18.238022970134598],[77.148632544040851,18.239045630719183],[77.149231768844373,18.221397986067991],[77.150709528927777,18.222160887597752],[77.151521947304445,18.217044883070603],[77.142698578701129,18.217040672933209],[77.140137678557167,18.207718451243267],[77.134642974120027,18.207208092056717],[77.133735247186692,18.205864920880938],[77.129558082912155,18.207590750226284],[77.127275123313723,18.207670422892285],[77.122872878059937,18.205945552643051],[77.111290510131269,18.204243366229825],[77.100756077287173,18.197920425058598],[77.09759872993051,18.196723569533994],[77.097571031277042,18.194547428207034],[77.099122071429747,18.191990385895],[77.108298766298915,18.181829303687152],[77.116337979321003,18.171016517426299],[77.116722799622451,18.166181774341432],[77.114299286021364,18.162340790729523],[77.11257179159405,18.156765317282144],[77.111543094829571,18.15583347983619],[77.106900170249915,18.155156950910911],[77.103237451375662,18.157829225201901],[77.099477082036771,18.158193266744298],[77.091322012394144,18.155837633407227],[77.087433732840282,18.15184701249985],[77.084845216687825,18.15078877201174],[77.079102182871878,18.150309204424239],[77.063958002926526,18.1506520842821],[77.058646457789294,18.156608038036229],[77.053201997024331,18.159451753351863],[77.051167997422041,18.172454471273802],[77.051977334577273,18.173229357757577],[77.041461467215171,18.178905780593787],[77.033177743552514,18.181992785369026],[77.031730352813909,18.177433055160872],[77.027760509825498,18.175926113600735],[77.023083675640493,18.17565291223201],[77.025649095208664,18.161753305811683],[77.023303963209386,18.15850952342004],[77.018703918811482,18.159457099278029],[77.008100365996171,18.15981054290496],[77.001114055742178,18.160899453705024],[77.001789142373127,18.162347857341398],[76.996923837149964,18.164822517048613],[76.996407866410323,18.166197148300945],[76.993202186098131,18.1758096400381],[76.994124545689118,18.177745337309112],[76.994014216402576,18.180541875928185],[76.990559550941384,18.185763954944573],[76.990609114588864,18.189987794085894],[76.978398788343995,18.191983759138065],[76.977418989575398,18.188868931044347],[76.965836182370538,18.189620050128557],[76.965799520327167,18.190067367268341],[76.951934468582849,18.188099338735881],[76.951615697811022,18.181401432113052],[76.950095423160164,18.178884688599251],[76.9496766052185,18.173455345361013],[76.94845014703921,18.168760141350337],[76.947679256879837,18.166406547947094],[76.94608458735037,18.166629306060941],[76.945087160042661,18.161991882920923],[76.942361188177017,18.156412376232304],[76.936446317426999,18.159000887100966],[76.931476476152511,18.159653420043572],[76.927780906786637,18.151864333097794],[76.923963143185915,18.146633398652376],[76.924474964607228,18.142739872269228],[76.931384616228186,18.135627724653077],[76.931795334959205,18.13352621202916],[76.931362993779288,18.132539191072389],[76.920249249086581,18.125073597114092],[76.920499561945533,18.11818282297325],[76.921712142950327,18.115546469638709],[76.923474306957758,18.115520096154722],[76.924855694879156,18.116307591820359],[76.932921259081837,18.1128338792291],[76.937740393594353,18.114905640665032],[76.94982036620668,18.111087790052444],[76.954273987009884,18.110544346748124],[76.956617538872578,18.108835759279817],[76.958716978048344,18.104119157873367],[76.965334184925155,18.100024211732833],[76.966349726760598,18.098201176375831],[76.9649344454035,18.091731167084316],[76.962941423351239,18.089571761846713],[76.960169243943994,18.088028800660986],[76.947382254083948,18.084453668125057],[76.945213827887613,18.083200777034534],[76.948312780259215,18.071636147596873],[76.951443215886556,18.065661372222237],[76.951620441814029,18.061053121774481],[76.951055662910093,18.05775958417528],[76.946786791424813,18.052406982148639],[76.944901018335997,18.048361065942917],[76.948362196582977,18.044404919162346],[76.950962316273973,18.043662557966741],[76.952686769904048,18.043938566082677],[76.95314111262195,18.042473908973296],[76.952305173656185,18.040219261316508],[76.936618028596911,18.036857889905779],[76.924283108717077,18.036962061867751],[76.914315278356966,18.035361157580773],[76.914687407260047,18.030737471116645],[76.912295322117515,18.017339222200341],[76.910943403429016,18.014958028224051],[76.907631588962602,18.014219580160212],[76.905643821156417,18.009709599732382],[76.906033105186509,18.002318217404429],[76.908074244598637,17.999515857490142],[76.906707413876418,17.996594399867607],[76.913139709738516,17.996890338875573],[76.913665339164083,17.993221914313942],[76.912257856980276,17.978052105179067],[76.913509964755917,17.972172246936207],[76.914440059739817,17.961564805689921],[76.915385557237627,17.957110247683328],[76.918304630058401,17.956016332081294],[76.917285660251864,17.948058852809261],[76.917811629240617,17.946633454756494],[76.918611711053458,17.946823013278191],[76.920668283522204,17.941570840388668],[76.918981172858466,17.915953776891811],[76.917308275339138,17.916247800361521],[76.915970083806457,17.914944603390548],[76.914736033066362,17.914807075912201],[76.901264717402682,17.917242291262529],[76.901748064924433,17.91583276407297],[76.898989594706762,17.909067294148745],[76.896885292950344,17.910370719817962],[76.896554250293406,17.905749318500419],[76.893839121093265,17.906072370040942],[76.893880360951314,17.90444918407103],[76.895043389986739,17.902748220417664],[76.894187170655144,17.899826705214636],[76.889871637979098,17.89922613896767],[76.888493729232763,17.897940948937041],[76.885733253077078,17.899106577356481],[76.883985567217081,17.898981636177421],[76.884267954423265,17.894292895768181],[76.882996314578421,17.894274935173478],[76.881385893988821,17.895558401019894],[76.880400971229847,17.894552818965913],[76.879167034575786,17.894518940083604],[76.872664567713585,17.898076714846908],[76.860792135576304,17.899060947054295],[76.852644880378335,17.90072264363091],[76.846354796808868,17.899725535743737],[76.845342499688229,17.900757677056301],[76.844356358813755,17.899657372192515],[76.839724909313531,17.899374230612452],[76.834657845172458,17.895813151364404],[76.831920340735209,17.895256352062813],[76.831201647185381,17.885615691693097],[76.810215712167619,17.887041354072615],[76.808549159449143,17.878974201712936],[76.807675553225238,17.878022892919962],[76.80819369968448,17.870977785797564],[76.8066694041744,17.870575239945005],[76.798780343653704,17.871539089118532],[76.792957425354516,17.873404794041296],[76.78839376362393,17.875785877217954],[76.775049623353297,17.877712933298245],[76.773574921135136,17.890459213915257],[76.771832829084417,17.891922053340636],[76.768160826121687,17.901152133646381],[76.757131920121054,17.899166921081527],[76.747096719707912,17.900153900651258],[76.739971941339377,17.899701159320824],[76.741246460284685,17.895398665643903],[76.739749795156115,17.884106484789925],[76.738842557804603,17.883104619993162],[76.738720793862797,17.876653647731175],[76.739251979368376,17.8751848107085],[76.737914905339935,17.859437985102868],[76.738482098017087,17.856681603642041],[76.751494034109115,17.85813068583791],[76.759222768707787,17.855883448236948],[76.765596572566778,17.851279263263724],[76.767499532223624,17.852127362141403],[76.774074185905434,17.846382222800582],[76.774220542126443,17.841973130206362],[76.779306372972101,17.836281239216806],[76.784430376827473,17.833512168628179],[76.786998899176623,17.833199423158081],[76.78751692885487,17.830057583400691],[76.788481306245004,17.830606904126942],[76.788938142686121,17.827194058722945],[76.790393673957809,17.826334109621538],[76.789746856410517,17.824861561191298],[76.78885990032316,17.825098255407081],[76.786267885232689,17.820793934800939],[76.78413665827226,17.819336818357794],[76.783948797190163,17.817874261024333],[76.782863182271001,17.817917095047218],[76.781509389696808,17.80939097174031],[76.782590817568433,17.806638009914387],[76.778727582146331,17.800480318062736],[76.775443955016939,17.798294274080899],[76.766509885224536,17.798468700372961],[76.765902179426433,17.792238122864671],[76.764885717716126,17.791753832684659],[76.764463525702283,17.788963392100609],[76.762099475183163,17.788781725255983],[76.76203848137196,17.7870170286219],[76.750910701401281,17.787053033045506],[76.750736339302932,17.784550040271675],[76.742525074649379,17.78422395299047],[76.743972918138894,17.782920041007166],[76.744337253258578,17.780339992625589],[76.740645773023871,17.77946434499724],[76.739439964418025,17.780522957152527],[76.734460771681398,17.780949088963194],[76.734344300613259,17.782006385272044],[76.729869943998324,17.782743538023311],[76.730163789215979,17.78384552296577],[76.720940140305217,17.788057589634089],[76.717916868301344,17.78557648389992],[76.716364212977766,17.782808454797625],[76.714091360324574,17.780940024250498],[76.713692369997887,17.777195097790813],[76.711911878562034,17.773267311843419],[76.714407317572963,17.771687225139015],[76.721072016582198,17.769497911621013],[76.718401051256322,17.755943394392943],[76.718787053740655,17.75147946885448],[76.721305263247402,17.751910376222519],[76.724807295076886,17.751102273373252],[76.724035800351331,17.747958110044756],[76.726720189202467,17.742571705795047],[76.728270824214974,17.737560742937053],[76.709109442997715,17.73170008038424],[76.69964593402463,17.727249099019883],[76.699398238856404,17.726837270060837],[76.704327461008731,17.723013347831003],[76.70364783069904,17.71562032981473],[76.701307383414004,17.709070774846673],[76.69545244197154,17.708203184656451],[76.692539731019565,17.706723612872441],[76.692140826032798,17.700779246039968],[76.694177509801165,17.695680320583435],[76.690827651682497,17.685747026396207],[76.690839905601308,17.681004800281926],[76.687375495215903,17.680050268905809],[76.684356320428051,17.685888395300232],[76.679723304265963,17.686352687183732],[76.677558156022116,17.688623478017949],[76.674921480288944,17.689993094575069],[76.670762151166088,17.690527117900455],[76.665840718305631,17.687546407220662],[76.664742511701107,17.687094838948486],[76.664188805431323,17.6875602172111],[76.663890306042205,17.691511214785976],[76.659729153339313,17.708284625629382],[76.655599022158114,17.717854240073425],[76.652792335765866,17.722133013767124],[76.633259465246041,17.728220170809909],[76.631720458026564,17.736106221194017],[76.629752275290187,17.74100134474735],[76.628097449179435,17.750649279784959],[76.630537369610835,17.752252744354742],[76.631885035674799,17.754641408970144],[76.628967101917794,17.755533364709205],[76.622430661669853,17.760498102203943],[76.618290756818382,17.767720098426661],[76.615331118774293,17.770396480359761],[76.613629259570203,17.770853722588502],[76.611039322282991,17.76936404686516],[76.606964435695119,17.75935945259101],[76.60643115711494,17.758627822402239],[76.605295883326846,17.758644969397466],[76.599788744409537,17.732707963117306],[76.600159700112883,17.726638449958838],[76.600416765607832,17.725653647252308],[76.601076795576319,17.725860616108065],[76.596897745738019,17.723216209050186],[76.594380098576664,17.722449685318892],[76.588467793415077,17.71018512785308],[76.588337072371587,17.707578230992091],[76.582199950335436,17.705270300884663],[76.570295439359342,17.705405678616241],[76.569749098376604,17.718471211888566],[76.567663069251367,17.7329504736765],[76.567801371177566,17.742476443835031],[76.566972686107732,17.74619445123583],[76.563957234836749,17.750833426259746],[76.565172525160435,17.753432071137265],[76.570945050667149,17.757726460305719],[76.572707742883992,17.760539543547797],[76.566986133887539,17.763167180271466],[76.561262418341784,17.764619197988445],[76.555636826672824,17.763785082469436],[76.546629934951952,17.760697038703405],[76.543056208579614,17.761628539505953],[76.537260739202225,17.759528771025455],[76.53068760816484,17.758260340075775],[76.526962936977029,17.759833069169563],[76.523275705773599,17.759797295381855],[76.524446009366201,17.750910981643724],[76.527358756250763,17.737843675349996],[76.526935488055173,17.731717466970526],[76.523902163004962,17.715152066927669],[76.511726497357031,17.717973527908534],[76.500688408777549,17.718418587902246],[76.498748722398588,17.718089669240374],[76.494953685276272,17.715974869667068],[76.487227644725152,17.714763620971404],[76.48451516286012,17.687109267754472],[76.484487678005692,17.678511790317316],[76.48501628714304,17.670975929903374],[76.48718938727383,17.664989861882244],[76.489748724349198,17.660499210115379],[76.48667155342828,17.658411788397878],[76.458915106843946,17.658122898933527],[76.455843074286463,17.656292524154242],[76.452860283064226,17.65579022013015],[76.452365593413688,17.655229958139603],[76.453544212710852,17.653454689682892],[76.45448284168998,17.649786339752946],[76.444733159111777,17.64969789220563],[76.443206738187769,17.64892038689112],[76.441835402414355,17.649308480395579],[76.44500467670305,17.640951290167848],[76.435390124998108,17.646261380781244],[76.431375386008426,17.646178632772852],[76.429191350685699,17.64495339571992],[76.428380893331308,17.640155028159967],[76.427240789301919,17.639585407681675],[76.42849183257394,17.633793930656044],[76.426789526907172,17.625814664363293],[76.420431362717267,17.609786994723073],[76.420681831883115,17.60808378405482],[76.419288099313079,17.606230817936407],[76.419684931886422,17.6037100717869],[76.393053700653951,17.603145852177242],[76.392488359404595,17.603068743348494],[76.391863287375401,17.600646742679999],[76.381700610633558,17.602249250869175],[76.381268061044466,17.601092394316865],[76.380174989210133,17.601218275707712],[76.377638012998787,17.597873345651116],[76.368603873578706,17.595992466066516],[76.354716858923993,17.595277814545042],[76.350030490020544,17.594099579644627],[76.342952812119009,17.596393674411786],[76.339499781591627,17.596440476256937],[76.336743089139915,17.597301229189078],[76.331562341403,17.59597748536433],[76.331286536152916,17.597418570136799],[76.331798467168724,17.578266260290999],[76.332304475591812,17.578276841582543],[76.332124333732963,17.574385844158218],[76.332699168378227,17.574372230172159],[76.332650496757822,17.57256572982887],[76.333119841340917,17.572616568040019],[76.333126958692915,17.56498682023804],[76.335029682991163,17.565180614327165],[76.33853208402823,17.556803798164797],[76.340678118817806,17.547973051385057],[76.340692516116874,17.542474571807617],[76.341522001585588,17.541440511612816],[76.348752482018682,17.539426844272842],[76.362740381073053,17.537372597209284],[76.363750090147335,17.536284420836026],[76.36721912595813,17.519452912705443],[76.366073013996129,17.51567508520775],[76.364599700573393,17.51496921363886],[76.359712879800796,17.513854401708283],[76.346571850412559,17.512579419119486],[76.343329039136407,17.500656130940399],[76.345764576687543,17.492529840365084],[76.350796252596297,17.493988512343162],[76.360037427638218,17.494916910242846],[76.362305936038709,17.495917025177494],[76.374688449560637,17.495649735408136],[76.375516126720683,17.490219879763313],[76.368244095612454,17.483201236391537],[76.350361303607087,17.474175013193058],[76.344534507280784,17.472688542359901],[76.333213350572109,17.47176217403965],[76.330687299671283,17.470193579096243],[76.330950044315458,17.455665888216195],[76.333430864143452,17.455482757634275],[76.333163669245337,17.449220847743533],[76.333823333599497,17.448444308708048],[76.333034305556197,17.446509993250327],[76.333966539428815,17.441107531898353],[76.333037042722879,17.438454767859692],[76.333262471350167,17.433901018614733],[76.340561598342276,17.434679572787033],[76.346871390050779,17.436586591977353],[76.353483578040098,17.437300998590352],[76.360750363885387,17.437468945389075],[76.367834710879606,17.436244963012726],[76.371510401426562,17.436423623755552],[76.370004236613866,17.416937173406257],[76.37107024400531,17.413432072668659],[76.369366132724835,17.401250796083236],[76.368472733021932,17.401385080282509],[76.365858208845381,17.391471841851683],[76.363426544829778,17.377668064640552],[76.382978492871302,17.373967101693438],[76.395790348996726,17.37344123232814],[76.409120542024269,17.371387754575352],[76.409504534977287,17.365650184096449],[76.412188657927118,17.351067743571914],[76.407440247776904,17.350985782791124],[76.403159606564785,17.349971721312439],[76.396607768294572,17.347103938226695],[76.385099330815464,17.323761164694595],[76.383159923812599,17.314525717726458],[76.366730741582543,17.313751677287097],[76.363282518838574,17.314363784024493],[76.354011677832688,17.314316459426312],[76.354285840962476,17.324400951932951],[76.349772614245211,17.33835832192096],[76.348986766238014,17.338660379343075],[76.347025103473996,17.344198028354377],[76.345299242183856,17.354448123131366],[76.338030928304278,17.354112458413006],[76.329203486739488,17.350806895379979],[76.314344132027998,17.348389848087177],[76.312028205156921,17.34601434381949],[76.318857207828259,17.338141511347274],[76.31917394571262,17.336587704316056],[76.317663427664058,17.332375663787911],[76.287617673985466,17.334071496801542],[76.28512517156723,17.333531207854371],[76.283811333361911,17.33477220021863],[76.276360436002548,17.334574176132996],[76.272009136005124,17.360591867889493],[76.270040753842778,17.360510382933118],[76.267021147863588,17.363475135193525],[76.265042695586871,17.361706268217947],[76.256594396072614,17.360507855336706],[76.255440618786281,17.361265377332195],[76.250727525003157,17.360432780220435],[76.249053641133656,17.366588692716473],[76.250427974585136,17.369680778991675],[76.249405684605293,17.370641839174713],[76.244581679427284,17.371539282121326],[76.244125072954873,17.378785520263779],[76.24208711627378,17.378837115628524],[76.235882123822975,17.377920821005567],[76.230963048141817,17.375797275700439],[76.228530431911963,17.375843607093934],[76.229444868362194,17.365205351074088],[76.222604918820792,17.364717036972536],[76.212357617185901,17.361987224625995],[76.205427502841133,17.36208546739811],[76.19639195486269,17.363666654008838],[76.192659225786741,17.361975799947771],[76.180423973089376,17.358387338005862],[76.170314748801871,17.352624211184757],[76.171461841724138,17.347819104271043],[76.172639727097732,17.336287067801592],[76.17657877673652,17.324614941920139],[76.179256321323521,17.318574432407072],[76.183248162256604,17.319434675062826],[76.18326965714472,17.315129189227704],[76.181869698351434,17.314196292867123],[76.181069601267225,17.30905369461555],[76.176314990944917,17.300787459123679],[76.165079387088952,17.303334963950167],[76.162617846903601,17.345220099609904],[76.148571039926182,17.350102084312901],[76.141051598415658,17.353490586069281],[76.13300199997056,17.3583189900693],[76.121654696897238,17.367351314023729],[76.119733507728313,17.370406200847846],[76.118953346056898,17.370504290784535],[76.112988698758642,17.367522047219861],[76.099739771823337,17.364650671073747],[76.089378698557695,17.353133039748407],[76.093470565101057,17.349351015628908],[76.092117160599059,17.348684161664238],[76.090661989551791,17.345152792015714],[76.088119010797712,17.342165744851048],[76.087496608561523,17.336508193820318],[76.081655486801409,17.333911877620793],[76.079130026093694,17.331602428316739],[76.077345764428586,17.332253756259448],[76.073403375751909,17.336510184948843],[76.072136109804177,17.335314746770827],[76.067166282902718,17.344298893367775],[76.064633128124626,17.351214572015934],[76.062357829358916,17.354498541251225],[76.060535215919401,17.35530774237564],[76.052774431228045,17.355793590755013],[76.037750569835183,17.351881315602139],[76.028531807759606,17.351136907062457],[76.014332364438957,17.353533284186671],[76.010190753686757,17.352384668096782],[75.999651898436525,17.338931772267134],[75.998272346671527,17.337968175722285],[75.983903367002284,17.336216707635074],[75.968707136872737,17.336467891899467],[75.948573753365224,17.32972913521165],[75.933945042899566,17.322740079363058],[75.930819417750527,17.322572751918667],[75.92688002765027,17.3242192823996],[75.925097232934021,17.325746207675135],[75.910077536130842,17.344518652359643],[75.906779408396133,17.346790657721311],[75.903034650878553,17.347537667412169],[75.894502285223354,17.350830486955086],[75.893024773074941,17.352081702957289],[75.890581855863743,17.356522299176117],[75.890178495233187,17.36117358341199],[75.894957393305845,17.375639666400499],[75.895236764867647,17.378178851198502],[75.894064083434486,17.401195762797535],[75.891897658684599,17.407552089887016],[75.884188442680411,17.417959583425233],[75.882997688940392,17.418424654260836],[75.878477282887388,17.418127411739146],[75.876506083608291,17.416143357735866],[75.874522502849629,17.412362168308324],[75.875650766185245,17.4023871520249],[75.875202892235734,17.398085961354443],[75.863899480847195,17.387191366687269],[75.860878135729592,17.385594975374527],[75.858335122839549,17.386528437882951],[75.856413592310844,17.389431789580208],[75.854057026554656,17.404493068372375],[75.851084062901663,17.410525269713517],[75.838150340426466,17.418302684010687],[75.830262825008049,17.421811712817032],[75.826483659320189,17.422214086089891],[75.821440660147246,17.421222633818324],[75.818977727573198,17.41809711070178],[75.818320971065603,17.406617254342805],[75.813575245979791,17.39572019079267],[75.813293010588893,17.390989997183155],[75.815102150197447,17.378471023383778],[75.813660135875807,17.372759995893471],[75.810490212105179,17.369653338622999],[75.806084060078234,17.368022132236131],[75.803479885392051,17.367918131195093],[75.792940533373468,17.369697405593136],[75.78788699516565,17.371517481627521],[75.780280415275939,17.375637176735026],[75.772034619382879,17.385744731175123],[75.769051677243695,17.393761268626619],[75.767903731820226,17.40235433593088],[75.7658675834478,17.405304180342263],[75.762926074304431,17.406597821267489],[75.7570530192326,17.406363541585467],[75.753092746895206,17.407132683960402],[75.748846780653082,17.409114764053513],[75.737787466680032,17.417645521623001],[75.73359475616121,17.420093011943628],[75.731213405886322,17.420416520920927],[75.728071685622382,17.41941862965021],[75.725835908237599,17.417941696951829],[75.719980302940115,17.411518016071199],[75.716464568209304,17.409282045907574],[75.712440669996965,17.407933882171083],[75.704499153253607,17.407476067175114],[75.690729419049134,17.409473579358075],[75.68349596788741,17.41692378419015],[75.67809445108459,17.434055771705768],[75.678498074921535,17.451088744217824],[75.677714222072609,17.453657125886714],[75.675875889013952,17.455943149011706],[75.673159683632051,17.457822442403497],[75.668953668165543,17.458594746788407],[75.660737130401301,17.457565822971929],[75.658837622071772,17.45805792086308],[75.656615416434306,17.459903262405511],[75.652737696576608,17.466354194053647],[75.648789529037671,17.470327055934192],[75.632979681297115,17.477214425112923],[75.628233577122217,17.46717178591723],[75.627606641088818,17.462766696043047],[75.621612437421092,17.45924621560637],[75.620585778035689,17.452486263011686],[75.615446642059396,17.438846035086467],[75.614484765579007,17.432259282200182],[75.613158947441107,17.428579763611754],[75.613937777809269,17.42849606426147],[75.613353168595424,17.424741853909371],[75.609576848770317,17.423736574957722],[75.606601068898897,17.420372382172886],[75.612080395076674,17.407400425016846],[75.6135163080409,17.391915138305787],[75.609757803604538,17.39389261371592],[75.606122785180389,17.394478548188797],[75.602666015864827,17.392475479239366],[75.601075095903383,17.390307097836157],[75.593604600897763,17.387301619124791],[75.574142606555498,17.38329915135143],[75.577177608760366,17.375907084050265],[75.580845370776629,17.351223009196705],[75.586288256794873,17.350590028350325],[75.595136481782077,17.346213272185079],[75.610025168284224,17.345040312238279],[75.610568860135203,17.336874188948148],[75.612349297672168,17.336889584576451],[75.612087544768016,17.32513628875758],[75.603734325638342,17.30550335490873],[75.622407618025747,17.295103209968904],[75.625472740742097,17.285319676095657],[75.630219233887502,17.280839363173346],[75.629484457799165,17.277362572594249],[75.627848935585547,17.274339592135849],[75.654168599636492,17.273815181375433],[75.657716052083373,17.263207730267585],[75.658556843748258,17.238669946906739],[75.661911647092595,17.214577575829164],[75.655390223082932,17.205533057080352],[75.651915797380454,17.202628356232108],[75.646949240346629,17.200514442135034],[75.642591427563431,17.197648114600575],[75.639847257626755,17.194319746220941],[75.639930170330857,17.188865076119392],[75.62843445928435,17.188657928867517],[75.628863928550373,17.183402144654746],[75.627232949117115,17.183161288171643],[75.62537655363306,17.174000318597056],[75.628259913929725,17.162694109229285],[75.63096680018883,17.160543536276847],[75.632440041746378,17.157505158161701],[75.634578289040761,17.156996836006986],[75.638551365065879,17.151233948570937],[75.645202548023335,17.144214793248413],[75.647569857630359,17.134507714789958],[75.649531624598964,17.134376476647724],[75.650418713636938,17.125918751759066],[75.650346942737343,17.115692334909156],[75.665804955415425,17.116482866947514],[75.672288651081445,17.115995839141206],[75.672343918132668,17.101402755355277],[75.675560913624167,17.096883986917206],[75.675786017061341,17.09529136508564],[75.674048802862629,17.093362596170667],[75.673365575698568,17.091198656604938],[75.67873840031119,17.077150879088276],[75.678875793142325,17.073003343597762],[75.677221511410636,17.072184527634306],[75.676715371833467,17.06541586603857],[75.674386336745783,17.064978827420891],[75.67055354612701,17.065573789007281],[75.668531071909825,17.06446505695272],[75.662384427731652,17.063903606181988],[75.660395258553621,17.064502663220278],[75.654442884038815,17.059002588614891],[75.650307249778194,17.057255012049829],[75.642363167446362,17.042216804988865],[75.6409984513583,17.037581447267485],[75.644537067077735,17.035432821868369],[75.646502313221433,17.033288843394217],[75.64999395872961,17.032238080332583],[75.669693989554133,17.038160278595544],[75.669373389812378,17.021818692788827],[75.668249519238529,17.01501929226081],[75.668190192700536,17.011899648938584],[75.669088910429892,17.009565902992573],[75.667996218582928,17.009178434197789],[75.667233289293591,17.005759779947041],[75.666715104206759,16.99786849511802],[75.66572356625403,16.993748195083924],[75.666075153381513,16.979771604100431],[75.668821763142518,16.979831996732983],[75.671837374313625,16.975925528603842],[75.672552014664845,16.970128764166795],[75.673932374913576,16.970433370937172],[75.677082151269019,16.969002697578475],[75.675133956946041,16.965545780167741],[75.671705729801985,16.964141141110716],[75.67032095792689,16.962051968797496],[75.655398512736383,16.961525944063947],[75.648933422078215,16.958991973425775],[75.646677243055009,16.954686374030807],[75.64598001744389,16.954010956889881],[75.64475709323689,16.954078800833702],[75.640607134440742,16.955299043299753],[75.638206019432985,16.957754825867166],[75.636671192074502,16.96458424157343],[75.636934269993674,16.968544459717762],[75.63393196826182,16.970259162326471],[75.610729213905017,16.971684150283021],[75.60786303029488,16.97099707568379],[75.608244592406749,16.981646606152218],[75.606130219637706,16.994362906067991],[75.606887522778408,17.004565816396248],[75.592886566711371,17.005969102179264],[75.573097161600899,17.009606459867221],[75.567218952894251,17.009046271178789],[75.566086993889556,16.981381231697888],[75.567652086388293,16.965745872860708],[75.564132479918555,16.967911285636326],[75.543715402156153,16.965357860716747],[75.539173112244498,16.96548029205319],[75.529314160391792,16.969399828649429],[75.511127921975017,16.952367481317129],[75.50966132435731,16.950250228804801],[75.507901082744596,16.949754394956596],[75.507355918554879,16.950829464741375],[75.497904711111318,16.946774829843744],[75.489077659415344,16.944422723164656],[75.48916794010141,16.959114584198339],[75.487523227224102,16.966388884546433],[75.483769408400278,16.972085012304127],[75.483236475671461,16.975994583798762],[75.478564858003296,16.978573258284161],[75.46888745027961,16.979536475334644],[75.466182548398947,16.981311700798461],[75.465552232005138,16.988365009732888],[75.451768711355967,16.985389564158059],[75.441603458245893,16.982231095154784],[75.435355290067591,16.973450242997],[75.427877975950651,16.966494552754469],[75.411508847893941,16.974245635926685],[75.392135065417662,16.980090669396827],[75.368543201303979,16.971951365090558],[75.361130644939237,16.965567488384046],[75.358390027839505,16.964902139221206],[75.359077725918752,16.963645594809716],[75.358531913145384,16.962856008356674],[75.350050864649077,16.957816472362246],[75.3412678636397,16.956144959635782],[75.32554730394682,16.955824545847904],[75.317103814910851,16.95695475402189],[75.295007405895035,16.955948854876151],[75.285851569906811,16.956856740756933],[75.279602656126798,16.956556359301278],[75.281002652649335,16.953052226672352],[75.279564225300646,16.944637061756872],[75.279932323463015,16.93489567518888],[75.279382714409252,16.923328330189037],[75.281139907139888,16.919417908355971],[75.282901429750211,16.909716321173672],[75.285991469935865,16.907963987637128],[75.289935565411639,16.904025804746087],[75.282029924685759,16.880290476826641],[75.272988542149506,16.86920099510672],[75.264719717944146,16.862799814932274],[75.258796768644785,16.864412837696154],[75.250959782562802,16.864496117681234],[75.241773262819393,16.867350026909349],[75.237660941637017,16.867940852376634],[75.227639720806309,16.843175504727178],[75.214202239289463,16.841699215715646],[75.204797006723823,16.842734793618561],[75.181847489242259,16.843402317687886],[75.183364527263151,16.854171393727569],[75.187709536358625,16.867851135006372],[75.188987399731758,16.875280256580748],[75.176575976627348,16.867707027310022],[75.155553547551165,16.868555718205943],[75.136483212384576,16.874487897791479],[75.132459072525435,16.889422629303528],[75.133064323227913,16.892393382826512],[75.134842482637268,16.894703917651842],[75.128272878385687,16.897352477687768],[75.120322788121229,16.902530452854215],[75.11748241400754,16.913444668701072],[75.104641718368214,16.91267567997437],[75.096308585568281,16.913743265135931],[75.091797589367886,16.926046320377889],[75.092136722252249,16.940107900238704],[75.089333700088062,16.951582160221431],[75.085080646138337,16.95157455640993],[75.082858371330602,16.949967752174462],[75.078119871394605,16.948825735627082],[75.074352318228378,16.950015409372956],[75.073043531249894,16.949141319213002],[75.072588489642726,16.946646384917415],[75.070218052101907,16.946304575333365],[75.068571009893105,16.944706804735201],[75.062035771591056,16.941521479786953],[75.05945841790431,16.942252609896041],[75.053576297034596,16.942191766924442],[75.050902980817654,16.941381943319431],[75.048266506307129,16.942539896593864],[75.044539261446047,16.941729555452497],[75.041385154312607,16.940063140793253],[75.041487097826021,16.937743509160121],[75.04066136192526,16.936443517308117],[75.037870802089003,16.935705751007703],[75.035766615316945,16.932840066290442],[75.033599741409432,16.933717881936445],[75.032276452927306,16.93256729074098],[75.030433939109329,16.932489571727157],[75.029061316050147,16.931488043127935],[75.02643459814189,16.931924994382346],[75.027096010617598,16.929454632761971],[75.025234839689475,16.928002337168696],[75.024773520655103,16.939639425936754],[75.026585702857531,16.944136297802455],[75.004495747338723,16.946269820580099],[75.000045718000024,16.948908003025174],[75.000345571150262,16.949852568316611],[74.992908928257805,16.952070430139887],[74.989289998660411,16.952248773296628],[74.968257409638355,16.950158716019626],[74.966074981401661,16.947705488588781],[74.964355064263756,16.947633234121067],[74.967512948812953,16.9416075769789],[74.960636321956812,16.939951351268917],[74.960155639736485,16.937255693589933],[74.960502049873,16.933478652214518],[74.962669380124666,16.931517779275435],[74.964124995838034,16.931511934655848],[74.965675867107478,16.929858322842243],[74.964544382413251,16.926776346989652],[74.963004569404973,16.927602507804714],[74.958258880251734,16.928244042023415],[74.952387463706941,16.932328735023475],[74.950417617290682,16.932947073349382],[74.949490376254431,16.934027758906716],[74.948896144287247,16.937869395873626],[74.947602975418306,16.939348809160418],[74.941166889564016,16.940778413262407],[74.936710916073082,16.944198116330874],[74.933184204827811,16.944104926646677],[74.931707158006731,16.944755209153517],[74.930555957986968,16.941665024066783],[74.926541116589334,16.939324551689005],[74.923164650371959,16.939306557950491],[74.922999556192394,16.934918997387239],[74.92177566090659,16.929861659830507],[74.934215491435225,16.924228372417257],[74.932655990050861,16.918905677763327],[74.935540538818657,16.918820769097618],[74.938266398394859,16.917292175380272],[74.939686607011296,16.916211897398345],[74.941707424735085,16.912949415135181],[74.944354776945403,16.910836815804455],[74.946151006864994,16.910171581606846],[74.950376983795437,16.911125645062722],[74.954857713957281,16.910169848907472],[74.955349909884603,16.905343066763709],[74.958837996267619,16.905850154057362],[74.962268810559721,16.910575713533348],[74.963639281255482,16.911099782762978],[74.963578554243966,16.909711326758757],[74.960360767336653,16.880947234093426],[74.944581546757377,16.88115655861121],[74.944382126154196,16.882700750421758],[74.935923630761437,16.879236355573063],[74.935221354821763,16.87106513739241],[74.931601960795362,16.871002602854357],[74.931360495443627,16.872076229902753],[74.925548293147443,16.872029847619682],[74.925420311067228,16.867722429109008],[74.924018084027836,16.867134494028786],[74.926497189870261,16.863538296343719],[74.920434928938306,16.863184860071517],[74.910974552390627,16.86404093876742],[74.901515662554743,16.862550215917285],[74.903286551000207,16.859081827878995],[74.904236325377056,16.859389643837059],[74.905394548425718,16.853813446993765],[74.906924965954445,16.850297921302417],[74.907607048664843,16.850173605360308],[74.910293056280111,16.83514164589732],[74.908725264343971,16.823702293263835],[74.910223292216827,16.816592555607528],[74.910816728276671,16.789542335634643],[74.917114298405735,16.778972004249596],[74.920143608884914,16.772499201813581],[74.889865844622989,16.771257399347643],[74.869358957789998,16.774065899703533],[74.865681926058329,16.763360270152209],[74.859812017784932,16.765900147741139],[74.849820435070399,16.772755603250772],[74.844512761672064,16.761815453947047],[74.798744279767476,16.753655272159708],[74.795749342424315,16.747746934613136],[74.790708675277855,16.748706553667422],[74.786842441279376,16.750661113342471],[74.783365514667139,16.751320863421824],[74.774769346168867,16.751644293894142],[74.771969584889149,16.750682255287796],[74.76937179722465,16.744814149358419],[74.765051635529971,16.741861240988776],[74.760347738698698,16.741272912296175],[74.752994429820191,16.733088824722447],[74.752764368580998,16.730857300349633],[74.745992716154021,16.727906592254907],[74.74059614278022,16.724597719516325],[74.73698041298185,16.723537865288417],[74.732968156935613,16.719940293784752],[74.732091745273067,16.718324017984948],[74.730354891298774,16.720132775956202],[74.730042962994446,16.718752009385923],[74.727324533383936,16.719088444129245],[74.727177190812711,16.716842119613776],[74.716245209437986,16.716539854954849],[74.705685567172054,16.714908502659092],[74.691019487688891,16.715541551466014],[74.688548539447581,16.712786059954183],[74.688562275586591,16.709518396272081],[74.687725038555257,16.708603684042671],[74.689784280817037,16.697262478197775],[74.689398673591441,16.686464136126574],[74.680824998009541,16.685891744116166],[74.681085716054469,16.680909110937467],[74.688862697370425,16.6815417810915],[74.689550346042296,16.677025660971395],[74.679023335977405,16.673095388064901],[74.679504769189307,16.666170485256519],[74.665163933737929,16.665671519266507],[74.659160620254909,16.64733901991379],[74.656638279396205,16.642102812043291],[74.653478151753731,16.638829451153178],[74.656644075326412,16.633601834132993],[74.65905021640819,16.631667686293522],[74.661643993094941,16.630666466889444],[74.669805198230932,16.629399893138721],[74.676603702200083,16.623587998687778],[74.687572506416629,16.617885360340768],[74.689516335825658,16.615085847365989],[74.689860186661903,16.613142834147681],[74.689182040369076,16.609914864069115],[74.686981819201563,16.606788009762692],[74.682682078009904,16.606097978089643],[74.673830886785623,16.60920187484091],[74.671260434855213,16.608260427673564],[74.66506227319384,16.60427186440754],[74.659987115232084,16.602899108174579],[74.654052502207037,16.604171881043417],[74.64443272410378,16.610293022623384],[74.642612176789427,16.610812817577116],[74.64001367496428,16.610453804022832],[74.63614552036772,16.607420470979768],[74.633353312122907,16.600358832383908],[74.633231207719618,16.590834405019862],[74.635857172839621,16.583914687978218],[74.63319451243855,16.583214923805794],[74.62863325280307,16.57773193028223],[74.622842077372709,16.57975387669779],[74.620735789441198,16.583128988827262],[74.618798524021955,16.584071984804538],[74.61708349012595,16.575865422791551],[74.609515379689981,16.569591308909857],[74.604279788008327,16.568982958268553],[74.60195642578168,16.565358915355308],[74.598960529936093,16.56431030697539],[74.592199728259445,16.56601957628386],[74.589744791589737,16.565537832310856],[74.587877678306,16.56610226679955],[74.584027763102966,16.562351182919027],[74.584641889160423,16.559125265625894],[74.583100646932508,16.558517226356159],[74.574595136412739,16.558942194991463],[74.573521824819679,16.556918276924296],[74.57381409798559,16.553912958091413],[74.568536739134814,16.553868713972584],[74.565663500156447,16.55843368874428],[74.563058232220598,16.559984948140578],[74.560646958165265,16.562622980821256],[74.559363024875779,16.563313794422545],[74.556388174760656,16.562768383384359],[74.554846125845643,16.564511925222696],[74.555388638208626,16.56717351807184],[74.555061440341134,16.571323576126975],[74.55601638182749,16.57356497214661],[74.564660251765687,16.579647699703216],[74.567023368036899,16.584383191971757],[74.56689424779124,16.585388588858979],[74.564264943633319,16.587421087327961],[74.562157542689192,16.59108706501187],[74.55877328717996,16.594653228129662],[74.552126261625602,16.595279089184732],[74.548607680133642,16.594145851881446],[74.543492703448592,16.595318582828678],[74.543766459641517,16.61235538906141],[74.542704051799404,16.626627328836229],[74.544729662933548,16.628980384983496],[74.5444889961841,16.635468675083548],[74.524454319560022,16.633427280712777],[74.503849095051251,16.633564173099987],[74.500239970565147,16.633132046322949],[74.496750491793449,16.630343997888296],[74.495013662073688,16.629753017349557],[74.48903382785727,16.630144836371933],[74.483536996209551,16.635488454354135],[74.480329306366045,16.640598168621832],[74.476717628867945,16.644469797698886],[74.475193624412029,16.647488875138016],[74.474955935577725,16.654686677301498],[74.471712201731776,16.664054766272383],[74.468742531302581,16.663802980326494],[74.467378149387841,16.663067182637789],[74.464083064246964,16.658270079274089],[74.45639789434631,16.6550463731664],[74.458345115793847,16.648681670036673],[74.454782384800637,16.647295478943292],[74.458501232210466,16.635565312035673],[74.462591642584727,16.628056698261883],[74.46580905399621,16.624721026148855],[74.4657366075635,16.61566127613515],[74.464102830776497,16.61509469905663],[74.46671146020816,16.606822362656324],[74.465320046189845,16.604978468044028],[74.463446567443981,16.604489715257792],[74.445070561720073,16.60294723728758],[74.435438145219081,16.601059951164903],[74.426338638090698,16.595739832075946],[74.422145306836015,16.584511531387687],[74.420704436968066,16.585334340083172],[74.420811037347875,16.586122239394289],[74.411707973789291,16.584692379721083],[74.408685583931046,16.583225911261653],[74.407194332050395,16.583961945398862],[74.396625926718869,16.583267517570992],[74.396844789559765,16.581685541657247],[74.396110734818606,16.58132233679364],[74.395341117571974,16.575423977788645],[74.395540077339419,16.572171832968795],[74.393503693608352,16.570477941622364],[74.393452691758114,16.568988157935777],[74.392143204992038,16.56912168575527],[74.391210856135075,16.566552490664481],[74.392906895154397,16.564883468186078],[74.386902118315817,16.55993822471611],[74.388581718165483,16.550756972981446],[74.387149885349274,16.536197160946184],[74.379832560286133,16.528592264813614],[74.376427686644519,16.529127305576598],[74.374031150349737,16.530963659179939],[74.373967801155928,16.532508769408985],[74.370805946053153,16.534796279320037],[74.360823110234534,16.53892638582855],[74.357925490979369,16.538342023948825],[74.358542072132508,16.539511770702536],[74.357582014740586,16.54352256342144],[74.35773870338403,16.546078620909082],[74.356108447992924,16.549755364101806],[74.356690071206771,16.552764422011862],[74.357838048071315,16.552980288677173],[74.357591087724956,16.554376248911012],[74.358031092432597,16.554723615118256],[74.358488222622796,16.553899253110295],[74.359081282288528,16.555751594402434],[74.358633752393771,16.557608236135838],[74.356246561272926,16.559747326995019],[74.353989234202785,16.558920559148195],[74.354167006305957,16.557254907071925],[74.355530391090753,16.556273474999845],[74.355120886881963,16.555063156955597],[74.352960633558055,16.554705252621602],[74.350275342798369,16.556031338980052],[74.34571518898899,16.555000442136553],[74.344462481138777,16.551734060517379],[74.339690503687095,16.547757413640106],[74.334880168172731,16.547880260337919],[74.332793576702144,16.550624193644509],[74.325172976805803,16.556297490280382],[74.323257726399248,16.556512093243022],[74.317565019798778,16.553707202444954],[74.315713406945264,16.554454677774491],[74.315122772730803,16.504597503994589],[74.312365386779661,16.503666190598437],[74.306142649907045,16.503692898837283],[74.305853340283264,16.507255630625728],[74.304300106444629,16.509404952636149],[74.304229757578099,16.514046402287303],[74.300956378429476,16.523166070184271],[74.302608109844073,16.526645932784458],[74.301651326811367,16.529020128404305],[74.299505797773293,16.530614637182655],[74.291595818184589,16.533882357312262],[74.28908747667127,16.532439882084212],[74.288849706090261,16.529433163056492],[74.286846827722698,16.526767620825588],[74.283138330701561,16.524589279610481],[74.280748904572292,16.531446598740381],[74.281499174802633,16.538960443402871],[74.28108899236581,16.541097664079462],[74.27692174100045,16.545417950180376],[74.274705616059137,16.546025911071791],[74.272370361934748,16.547748781017543],[74.270544157030727,16.547963894661891],[74.264131076132571,16.539830478091783],[74.265532092242921,16.537566547719347],[74.269745676914042,16.52217272363113],[74.271011873866556,16.521448316078526],[74.276102717311488,16.521308246092236],[74.27801196787027,16.504455327968568],[74.272266654130135,16.50365991339951],[74.265729705435774,16.501099949096879],[74.252509475182165,16.500617526272478],[74.247372775436887,16.496913201228566],[74.256631638306771,16.489537391683761],[74.258478585310741,16.48663547118332],[74.260770148074627,16.480096596042504],[74.26385804937162,16.480717325229758],[74.274381508396203,16.485626543120269],[74.274580643335142,16.49402555104221],[74.276274959385773,16.495998245583369],[74.279660566859491,16.504825265686094],[74.290895007397154,16.504902075626731],[74.292216144414155,16.499472512072792],[74.29218235518303,16.485705366850869],[74.288453861663697,16.477225288605478],[74.28927516797178,16.462970504353017],[74.290546364947176,16.462984630157028],[74.291108799248221,16.461823628985311],[74.291951701055737,16.461747161197032],[74.29540149495314,16.464380453004328],[74.297047259757647,16.464536941802358],[74.306399100056026,16.455284721225883],[74.312456280116749,16.453235323591223],[74.320443810365589,16.453915438601129],[74.324654956110692,16.455929400832435],[74.327565199390577,16.454845749793876],[74.33126628441228,16.455949088250197],[74.332591559069485,16.454758760051305],[74.329711518047759,16.447199021361342],[74.330535741185585,16.446347597675512],[74.336233919424458,16.445671034216321],[74.334137093447822,16.442417433859969],[74.332694049656865,16.436850646047201],[74.333275240781091,16.433986117716074],[74.335382188974322,16.432843467904938],[74.336736054312084,16.428806656341294],[74.33129045538162,16.424175023022766],[74.330619114725437,16.420986423135819],[74.328853323320871,16.419047647351494],[74.333070228165269,16.408927650584449],[74.335054344319815,16.401407379423521],[74.342885950391548,16.403460444134616],[74.343058152939932,16.404408953146536],[74.344629177912807,16.404572344596264],[74.344804008033378,16.40553208702752],[74.353927209125686,16.406075467111069],[74.363694310037246,16.405091321051387],[74.362903481770118,16.401128731656687],[74.363388164188393,16.398214516278827],[74.362906294395259,16.395523797859358],[74.361687201502974,16.393530570933368],[74.358981299797406,16.391504535415127],[74.357970969987264,16.389541142957004],[74.357009725920861,16.383441359602969],[74.355830150816232,16.382104995047495],[74.353576274175097,16.381877721064598],[74.354059598340697,16.37592942373545],[74.353264323412901,16.37288621302541],[74.354025147949542,16.370581999736611],[74.353409907082806,16.36641874259589],[74.347297218324059,16.36831581240298],[74.345120075774517,16.373136673585662],[74.345641302556885,16.376896110892599],[74.342670573912315,16.381832115585393],[74.341209913260329,16.382775044359963],[74.341607456401078,16.385686177876032],[74.340644917862377,16.388668202309841],[74.339200519411975,16.39095437188967],[74.3379554068175,16.39114608580811],[74.33586938038718,16.39374156840729],[74.327492982028247,16.391499211189945],[74.327371246832513,16.389882043009841],[74.328424887117464,16.387817185908478],[74.328144651376405,16.385338754175301],[74.324840662134449,16.378288178001814],[74.317192634875838,16.381003744615466],[74.317835454920115,16.378712308673464],[74.320838652272315,16.375893686173089],[74.318981864224455,16.371636982353145],[74.32227667987074,16.363708210815147],[74.32476747279496,16.35993605218723],[74.324249562592655,16.35743292708235],[74.317885623133776,16.354958414720539],[74.317639660815757,16.353052774623745],[74.327034632824208,16.342509468737273],[74.326479092194631,16.341422188954908],[74.31879238797147,16.342660497250499],[74.315320271837592,16.340079970497314],[74.316563872567457,16.336187833368111],[74.322504842071424,16.334368591687436],[74.316606629680038,16.326561546441663],[74.320640856721482,16.323752286191684],[74.327320020403462,16.324682486402459],[74.328745033210012,16.323747471345428],[74.331293483602465,16.320666567022052],[74.324614317225567,16.316658426161091],[74.325156493618678,16.313682023241263],[74.327182443417684,16.313682543978377],[74.329190055906821,16.312210043050971],[74.332235483060543,16.314072241171051],[74.333218146556561,16.313451219313734],[74.332959043682536,16.311060942703364],[74.334744485733907,16.309028030887692],[74.331917003342852,16.305252419313359],[74.333128675252581,16.304743437429757],[74.335907533633943,16.307092177346309],[74.336108873038597,16.306105019784432],[74.337273946639598,16.305908691612512],[74.340421000201388,16.302441433196737],[74.34116536490707,16.299884157391329],[74.340281452311913,16.298162513040722],[74.342407698114087,16.298684790972999],[74.342548188336323,16.298027339104369],[74.342667870881613,16.295953457025487],[74.341746565014404,16.294145931605708],[74.342013019700744,16.291177231357835],[74.341372078932054,16.290924058354292],[74.33999647885598,16.292125764966858],[74.338312614703682,16.290013040679529],[74.336887848035516,16.290769659048451],[74.336045940663027,16.289703089403574],[74.334721972156274,16.289605649609992],[74.334087820854478,16.290807497090025],[74.332122764255317,16.291057863629803],[74.331841718233832,16.292433709426696],[74.327960636880334,16.293246115572835],[74.324688265641441,16.28890334633428],[74.325775431951129,16.285586686299002],[74.323129757793751,16.28599273367989],[74.320825742583395,16.284475452748513],[74.322448088308391,16.277907439604231],[74.324572105390359,16.277232488240564],[74.324933759038913,16.271756260952937],[74.328461576110328,16.268874427336279],[74.33414970040451,16.268798858339498],[74.335055958592363,16.270399785697748],[74.334334730895165,16.27409580100251],[74.332790667058944,16.275326773392198],[74.33332715442134,16.275971573625572],[74.334709633795853,16.275352824826907],[74.338434330136465,16.271404381776186],[74.338918043272585,16.272486724599222],[74.340059549572103,16.271926719758952],[74.342182971969336,16.273318695874828],[74.343349541265297,16.273088435109972],[74.342046105550978,16.276507795596935],[74.343784400422962,16.278076805702099],[74.349657819312526,16.276315503583941],[74.350460263694572,16.275366735710428],[74.351666382219221,16.279252012394608],[74.353222300223933,16.279955462591658],[74.35363076328531,16.283092997768403],[74.349962497314166,16.286095072094099],[74.34534234502695,16.287910923578945],[74.343014308865875,16.290660033622284],[74.345596915900373,16.293762513229233],[74.351007718588292,16.291788769304375],[74.351089400600443,16.292755717393977],[74.354778287398901,16.292640891183723],[74.355178479671451,16.291479685667717],[74.359297059416392,16.290584514404262],[74.358963256236621,16.29024660038225],[74.362528548326736,16.286719852192793],[74.36417323964443,16.282456749799056],[74.365046172131912,16.276246133165266],[74.36714236120298,16.269430034315391],[74.368283910621642,16.26686359413327],[74.370517600321705,16.265415469715823],[74.370370379921354,16.263974013645196],[74.371203023866627,16.262575529357893],[74.373008805572667,16.261635701742758],[74.380635934424475,16.261968006992834],[74.380210321626009,16.271151866222631],[74.382607906254705,16.277358005735852],[74.386064051241192,16.277297657147994],[74.40786432523366,16.283289247908037],[74.410514416407267,16.283096846133493],[74.411807708345407,16.28165523363236],[74.414394834804099,16.282651090616067],[74.415949784424939,16.280100219602815],[74.415531954630097,16.272414584751004],[74.417610721774551,16.258000653313779],[74.422077890070582,16.258487770715689],[74.428951196753431,16.257526005790449],[74.435771454325462,16.258834634100484],[74.436602618745482,16.254081038410565],[74.435551660829972,16.251146675770094],[74.440979755188749,16.251300964806525],[74.454834910193611,16.253392966333195],[74.454606612347305,16.249562819390889],[74.456094037404853,16.243864638332624],[74.468620549968492,16.240185431357641],[74.474347797689944,16.245910694600234],[74.476713849655525,16.249429373923412],[74.478075487217097,16.250513144409027],[74.480479513664719,16.2501256572443],[74.48155812172466,16.246679859848079],[74.486044012707836,16.243117190831949],[74.490346969868241,16.23488926937274],[74.491427149979941,16.234443595936362],[74.49437181400657,16.235311839093747],[74.495213387205752,16.234904724397179],[74.500724997936516,16.229051138710627],[74.503101883584435,16.225405694696835],[74.503107262696346,16.222468197617783],[74.496285930739234,16.21666944169899],[74.495925964126783,16.214300565886823],[74.501255051564868,16.20552996077986],[74.504367230730708,16.205034370705064],[74.505281124598483,16.203445649838891],[74.507589935914183,16.203215973226449],[74.507995224329321,16.202258306573061],[74.507562133954437,16.201517698867086],[74.505841392163106,16.201357963780236],[74.507227572596548,16.196532082125291],[74.507066958315306,16.19159962041968],[74.506239582090885,16.190243723587542],[74.503312059716492,16.188066053799169],[74.499947993843293,16.188165405604657],[74.4937864520045,16.186448562205758],[74.489552209675125,16.177415993771731],[74.48983649412321,16.163415612922204],[74.488367375832809,16.157262309314273],[74.480562486555925,16.149030526402555],[74.479832403266627,16.147125070999351],[74.480072001020901,16.144992280230181],[74.481056174584936,16.145127347840987],[74.485105443915842,16.142303527685712],[74.484963098672537,16.138519454953357],[74.485867562026456,16.134057109369351],[74.487947777255172,16.129749968983401],[74.487488543210574,16.127732737593075],[74.490836154642693,16.116717372405752],[74.491231121415268,16.104305110398418],[74.488792258300947,16.100706543290514],[74.486316790635428,16.099945751902059],[74.485783283883137,16.098496273214494],[74.48509781632076,16.098369858234594],[74.484816677772798,16.092214831206828],[74.481555380066411,16.088889520407829],[74.478826358420392,16.089860094912215],[74.472727559412604,16.09060396802143],[74.472688990245857,16.092987520886737],[74.469941136318212,16.093824630922725],[74.461053987329748,16.09978372874772],[74.458681277051284,16.103794950095057],[74.44918599825985,16.104064996388527],[74.445816315221165,16.105267930905434],[74.442897390622406,16.10533889338663],[74.428703762994914,16.112003252648961],[74.428021206872387,16.111384393302856],[74.4276192853429,16.111965050605029],[74.419396385709831,16.107701288617459],[74.416668624400131,16.105218821076818],[74.412213931008452,16.103900132795477],[74.409971929197098,16.102120352280529],[74.408172042235933,16.094604969226918],[74.406956412349061,16.093508156057066],[74.398291029556489,16.092460801114449],[74.390035177922144,16.089462470181871],[74.389556415401572,16.088321693404069],[74.39080172023553,16.085761930652179],[74.390911423396332,16.083561384272684],[74.391815690019229,16.082533391913884],[74.390858892613466,16.080484903389966],[74.38953617815487,16.079786860415506],[74.383624491932522,16.082925302603041],[74.381726807183014,16.079303618178876],[74.372218523481237,16.078210303584505],[74.371514892882118,16.068244275980362],[74.361328188901368,16.053835894871622],[74.36355307600995,16.053032533280916],[74.372522274421527,16.055999271267879],[74.377335225829967,16.055120486962295],[74.374566726820461,16.046894688233703],[74.369048791051767,16.03921993105536],[74.373401098060597,16.036443483868752],[74.377998750244885,16.037699682793178],[74.380991263933439,16.035483276785605],[74.402085602249812,16.046112664864744],[74.405518426971497,16.051836048239895],[74.411616578294002,16.053464046579606],[74.414985981956619,16.055713690642005],[74.420908707575464,16.055597399710472],[74.427500484943195,16.058901164362666],[74.429694413412165,16.059151456393458],[74.434217582682976,16.05847472415957],[74.442848743256491,16.052806202735916],[74.445215407873135,16.052529785656262],[74.450119893117432,16.05401023221442],[74.457138391804705,16.048226459096686],[74.458993338306243,16.047981767426982],[74.462213517427116,16.049837598200007],[74.463015616856126,16.041619417789811],[74.45649488724419,16.041058795967018],[74.463183544322078,16.039889870315445],[74.463222956108524,16.039191737614029],[74.457233933025066,16.026974824674792],[74.455354025935037,16.019523635873913],[74.450107946422477,16.011050266223062],[74.450255354570714,16.008545575056772],[74.447948856416886,16.006593247828285],[74.446914456248678,16.003178424048119],[74.444773452923002,16.003049264780941],[74.446339541653373,15.997104584092222],[74.445366603318604,15.995791098395632],[74.444644258117165,15.992440277594286],[74.442613533772416,15.991633255993168],[74.443954688847199,15.986401859871002],[74.441241109240892,15.982438444852486],[74.437872730556023,15.97989696489128],[74.438894966636937,15.979447830428223],[74.438180842816976,15.978006509355046],[74.439360381090708,15.977126582750651],[74.438931207370445,15.975684292384111],[74.43607014325913,15.967465382117755],[74.430985932075927,15.95961634449114],[74.430830424717087,15.956582433729158],[74.428733031005223,15.954271922968475],[74.427347770446588,15.951121407647818],[74.423995178754524,15.947577297174591],[74.422797328323739,15.947696427926941],[74.420347884852006,15.94303986694816],[74.412564585684692,15.933872815178296],[74.410540537619099,15.933318573601973],[74.407810261924951,15.930776116415315],[74.397706008914213,15.916754272021548],[74.386865316135257,15.904981267889626],[74.387783792309293,15.901310565181939],[74.39341802307635,15.900035885751084],[74.395473501397063,15.891016336808516],[74.396738691338186,15.8803601207741],[74.393476842066207,15.879568576756533],[74.392792624060391,15.878389603249033],[74.396881946574837,15.872897716383465],[74.397649910921331,15.869970614389491],[74.401830174383619,15.866359448621065],[74.406370161913202,15.864447054365838],[74.406988423814227,15.863257513391991],[74.406280219892011,15.862466876044257],[74.406170680224577,15.855376466583534],[74.401634638994025,15.854609510387744],[74.40124184973773,15.853967510910353],[74.402352374041413,15.85227369184485],[74.401061647691748,15.852799504950184],[74.397536641448852,15.851146251685329],[74.392513560620742,15.853598947818625],[74.391414772806229,15.85476422797085],[74.388140295018005,15.854252570330271],[74.386927778691899,15.859645362392682],[74.382833210016202,15.860044874070676],[74.380034536596284,15.876288382580535],[74.376753201069178,15.88238216142747],[74.369358442126824,15.889846346714778],[74.366102845129248,15.891313552783092],[74.368614855362196,15.89435962100217],[74.364695115010448,15.893861789847465],[74.36513160640699,15.882499360004198],[74.363945884130871,15.878083237010857],[74.362988679788302,15.877420242576942],[74.362610201592801,15.875409201613561],[74.36325649003237,15.874920567256602],[74.357935511686364,15.873161955387545],[74.350867341553766,15.865434612211425],[74.345519277205341,15.862288211277614],[74.347205756353418,15.860173020185405],[74.346608829440385,15.858787243570879],[74.338209012900307,15.854918742362353],[74.340830028303074,15.852400061016873],[74.345002156622144,15.850439253814141],[74.368222146055942,15.850567876133107],[74.38308536442149,15.849104937056877],[74.384052803270095,15.840121661425075],[74.382464195572183,15.839215723358723],[74.38205396103308,15.837814423291984],[74.380743203150885,15.836731291220499],[74.381037023215683,15.835384115823702],[74.380081370263625,15.835643037141798],[74.379928812073857,15.838266086695606],[74.378645415976905,15.836550831155694],[74.379156178284518,15.835716999908508],[74.376598238089414,15.833352864840862],[74.377397799777711,15.832224536025773],[74.376468768399079,15.831900843415903],[74.375577801333975,15.83322682339046],[74.37321209432146,15.832505121747094],[74.372333373988624,15.830221170152821],[74.370903212038854,15.830708878272526],[74.366475001880076,15.825885236906029],[74.365357856094448,15.819269438566844],[74.363331264898306,15.817991739217575],[74.361652295665991,15.818584574368757],[74.360624895170488,15.817779502884489],[74.360398613143673,15.81673445183514],[74.362400566246521,15.816064519455587],[74.362666859236072,15.814689938985694],[74.367192594993668,15.813406420641286],[74.36755409682695,15.812566159309215],[74.368407478380547,15.812947683408947],[74.369930663572916,15.811458249142463],[74.370302646050604,15.808494631820833],[74.369536486419506,15.806911582961318],[74.368945065280855,15.807504947579563],[74.368685856405619,15.806951285809085],[74.369560552285989,15.806460997360048],[74.369613705601338,15.804631857688706],[74.3707649891644,15.805066883813605],[74.371373979553383,15.802517472679686],[74.370936491925193,15.801409426251407],[74.37192234264387,15.8009793433837],[74.370387290706574,15.798587654602485],[74.371259755171749,15.798933165609078],[74.371973853838867,15.798242070398249],[74.370111329149609,15.794215205322168],[74.369890792747341,15.79192173388682],[74.369474777549399,15.791350135312264],[74.368885851930571,15.791739760023377],[74.369477605445894,15.790750744197366],[74.369037862148019,15.788115598040829],[74.367258692133959,15.785551895312835],[74.365350053327901,15.784688104154144],[74.364810830595445,15.783717534873627],[74.363270010575718,15.78341754384719],[74.362802388961299,15.782169028592168],[74.362135492270809,15.782364077217768],[74.362639079734222,15.781793763059788],[74.361563402877053,15.78031410058604],[74.360895895332135,15.780444992621076],[74.360576997897851,15.778392246714482],[74.358428782897079,15.774833814750771],[74.354032151215478,15.772226356307499],[74.352473734995982,15.770548103630349],[74.350251378441541,15.770324998342396],[74.350140651201301,15.768886904184326],[74.345684447741661,15.764555064274056],[74.344278566355698,15.765345452426502],[74.340686348163274,15.764666212064528],[74.339897273407601,15.766390821328413],[74.338296363281898,15.766771990616558],[74.337468922378733,15.767895223107676],[74.331276258406888,15.769011651760366],[74.32306971979007,15.772676593580693],[74.318993785766594,15.766221096400239],[74.318618509166754,15.758377647321405],[74.309742946648825,15.754894870241325],[74.310340182582323,15.75157304192696],[74.307898782625628,15.748480666086934],[74.301347470768192,15.747642457938376],[74.296119099744814,15.744424110601155],[74.287285234327427,15.741977391833453],[74.285197774185946,15.741725886860525],[74.284257597409592,15.743658081969166],[74.281915879906748,15.744040620243997],[74.277328639196583,15.747534109911237],[74.273602422008167,15.749076517088268],[74.268318818967856,15.754736722643713],[74.266755348826592,15.753477855732481],[74.263842416889062,15.752959788829438],[74.262169584946747,15.750896535129984],[74.255541427606616,15.746037321430206],[74.253858250665502,15.746769519595778],[74.253172402217459,15.74591801626503],[74.254025447801141,15.745150162887104],[74.249237665390311,15.745073383009693],[74.247993056750701,15.743719258675451],[74.245383055591617,15.743236696599702],[74.24025514226814,15.743320735628036],[74.237079487246021,15.745175176020629],[74.236517595527388,15.748221646314169],[74.233698812421522,15.748296283398979],[74.232433739261396,15.752214153210629],[74.22797435037576,15.756034256232741],[74.227812182009075,15.759488309054776],[74.226502203864541,15.762628492036717],[74.22858050208842,15.772103936197333],[74.234575206117768,15.7785830233223],[74.233397141081113,15.783884654422357],[74.233501307026515,15.786994514145055],[74.231679388883052,15.786825166927724],[74.227769623424194,15.7884028646987],[74.22452747959629,15.786750206020452],[74.221029523423226,15.785997601020444],[74.215904382300735,15.783894392382564],[74.213109569839929,15.7800563619363],[74.208967215282669,15.78126910781797],[74.206486697288639,15.774150791179855],[74.205319979770692,15.767177037961988],[74.201433371083212,15.7586207066255],[74.189525542628786,15.752122066034479],[74.183173106097129,15.751397015639972],[74.161556595072412,15.751294459725836],[74.157945668565887,15.749120504075215],[74.153302090910984,15.74363383729195],[74.153003087566987,15.741483658132676],[74.151105353410173,15.739866665577509],[74.151961676946328,15.737823024725841],[74.150974935098887,15.735807737643794],[74.144014105557901,15.733089398228653],[74.14184045116663,15.734328334898542],[74.137100224668643,15.730981445223522],[74.133955259689841,15.729816514658834],[74.133462384636175,15.726308207627877],[74.130759607271187,15.723355922649089],[74.125817977588198,15.724112601678419],[74.122165618085802,15.720731147412073],[74.126104005666207,15.718460329158003],[74.126695160005227,15.712369649242536],[74.126183528128422,15.707957553186143],[74.128341406306703,15.708674897719499],[74.131434021063995,15.705867973251191],[74.132129880337601,15.702403597428013],[74.13033496285658,15.701745704390252],[74.130271323506904,15.698546259708463],[74.131676078405505,15.693537866339236],[74.130718478804212,15.689625496010171],[74.128089495344867,15.686150214205036],[74.125770895985809,15.680967173730483],[74.114444941375211,15.67476134942963],[74.108848084117255,15.672693737309448],[74.102611516782531,15.672225043730462],[74.091364802563135,15.674629676703224],[74.088062509340446,15.672255575349356],[74.088275221416581,15.669936485239766],[74.094227530354374,15.663078494164054],[74.101876050788078,15.658390454679706],[74.104220756985839,15.657506920267954],[74.110941417444053,15.657693352079812],[74.11827946843745,15.652002957207799],[74.123088750227964,15.651899391112893],[74.123872287768222,15.650952852582495],[74.127291989900229,15.651123362983265],[74.135544024592917,15.648371586973964],[74.141116486302735,15.651097641110875],[74.149094719886719,15.651973530633242],[74.151087201153217,15.651861513428289],[74.154352306818055,15.649901586907815],[74.15746537531605,15.65467514482711],[74.164415996402141,15.653498534208198],[74.165585045048303,15.654376939229088],[74.165014834031794,15.657910773328231],[74.165680217959377,15.664895276734374],[74.16775778136136,15.671294126424753],[74.167368983319875,15.672091317780723],[74.171611359894129,15.673819978254988],[74.176352307739279,15.68005177167843],[74.180970382223251,15.682149001351013],[74.18872940172507,15.680928464229483],[74.190267692987291,15.680330837105133],[74.190842974993544,15.678951855171503],[74.190917889996683,15.676404912220775],[74.189803723922836,15.675436304123098],[74.186103229992568,15.674500392770042],[74.186841517595354,15.667449484271415],[74.202590605985023,15.663140542722489],[74.204060807643657,15.663680333074481],[74.201753273732294,15.656339036352335],[74.205127521110938,15.651032179034889],[74.215863576328957,15.653040911845959],[74.217453200021467,15.652737402273861],[74.222162012433941,15.655638898431658],[74.222221362328142,15.656854160634699],[74.217718642306451,15.658360125123387],[74.215148972808649,15.662874128900397],[74.217651866938112,15.662298559061741],[74.218023029253942,15.664345550430989],[74.223779258423093,15.668982646315541],[74.224578668296118,15.668198453186134],[74.224597609273886,15.666256137877296],[74.226537646894087,15.665916639399757],[74.22841017432404,15.664442399062287],[74.229790154585416,15.666381147290299],[74.231494827312943,15.666192069755873],[74.233348096659881,15.667974707224166],[74.236356046099928,15.668584847185818],[74.237098190170215,15.666281933092323],[74.239402412891437,15.664614610813612],[74.238171826953376,15.663622088751548],[74.242986810350999,15.662440578602789],[74.244852505194913,15.658201251249766],[74.250442494832555,15.657257913781692],[74.250188830359249,15.656149040426028],[74.251976526283684,15.654311424573228],[74.24415959688703,15.626108376911555],[74.248256784151806,15.622902351119668],[74.253723702798879,15.626738946778813],[74.258476808443092,15.62339725595195],[74.258589260448673,15.620779244869947],[74.261207350038589,15.619297811796255],[74.264298046892748,15.615509078396522],[74.261909797556484,15.608424960810225],[74.259991880051828,15.606722832813967],[74.260799081013317,15.600662044992603],[74.259592136936917,15.596319244415293],[74.260247657362683,15.592633030277762],[74.248741280618859,15.580378611667779],[74.250534416740607,15.577365101425482],[74.245192972975786,15.566602556273299],[74.24966610788195,15.567651883121945],[74.255191884146427,15.563219836635435],[74.258331753880896,15.56169387522584],[74.259387376747668,15.561934926337441],[74.261293185860623,15.564811927107506],[74.263153365048694,15.56393674613224],[74.26530210556389,15.558368168714363],[74.271677945903647,15.552426953827636],[74.273011697962161,15.550214239860074],[74.27791765824017,15.546109309759585],[74.282652545152104,15.531417679927943],[74.281702390787885,15.52613373642604],[74.278153421086486,15.522846668601213],[74.278472015788523,15.517476181306854],[74.276472341711568,15.514891156396834],[74.274902762128036,15.513055492145236],[74.271477570391312,15.510853391076262],[74.260302511188883,15.506463966401132],[74.255170710855182,15.503074788840326],[74.252291702896045,15.499336127268366],[74.250910076022762,15.491593093218334],[74.258293771314058,15.482058141783224],[74.263975670283344,15.472359229652287],[74.267475196711516,15.464172833894505],[74.275451155761189,15.449187943139952],[74.27629751338759,15.442916000978908],[74.277365688413852,15.440494500814834],[74.276861899727805,15.437948456370931],[74.275063623445945,15.436455724378055],[74.276892826028075,15.435211552183338],[74.269915214160974,15.42604394537503],[74.268781837614767,15.419097769900434],[74.270414003722465,15.415958204373288],[74.274323977590441,15.413583464069838],[74.276236609407974,15.408387828634865],[74.278296994326766,15.405691268127381],[74.275871658044011,15.391586770611475],[74.282993181816281,15.382941802364329],[74.298707507201101,15.38194078623674],[74.308598520824646,15.374452713795367],[74.323202097326956,15.367679641813053],[74.316258697797451,15.363000699598183],[74.316040492523356,15.35997308898699],[74.321842236633003,15.343595041814833],[74.317217392445073,15.335171661373206],[74.317703705305618,15.333914793244682],[74.317023207223372,15.329116736925974],[74.32442832194431,15.309910446936533],[74.33643714439286,15.29494289184775],[74.330739922859792,15.28750965513858],[74.326366405728763,15.283737494288371],[74.320567829078769,15.284704432887324],[74.319629020436594,15.28344486566959],[74.307957585445834,15.283334225158685],[74.296376000848085,15.28883712640342],[74.294329584731955,15.289187036698316],[74.293353646024144,15.284510079158064],[74.287654500299695,15.283885273769332],[74.281788399984777,15.280417560619464],[74.27632672929559,15.283532321718234],[74.271488796637399,15.281128074285428],[74.270020181403581,15.276826818332902],[74.265166297360935,15.268921097713637],[74.262569198704256,15.261882856625666],[74.261025417837374,15.260188564377263],[74.251114223560975,15.258849951362881],[74.254694610941101,15.254070615212953],[74.252201179664866,15.251026404862783],[74.255301775055145,15.247511112577333],[74.255880898257558,15.245066583386576],[74.259547302919415,15.241024010398133],[74.281139216275037,15.236262579651088],[74.286696289844002,15.232810196583481],[74.291498633945565,15.23381540959125],[74.301612430657869,15.224340708844503],[74.299858632660701,15.219930716226052],[74.30144248467748,15.217052656070486],[74.30220981391507,15.218006457252441],[74.303355303344574,15.216863568971279],[74.304518772554459,15.216723956342541],[74.304873014203594,15.215680136574735],[74.304268951972261,15.214030402582807],[74.305493603639547,15.212611797939035],[74.305746713852329,15.209398741668769],[74.307885477677956,15.208460243973148],[74.310045761544572,15.206287326425983],[74.308619627640553,15.201794620374038],[74.310391629098632,15.194677606205113],[74.313060041412456,15.190204663301461],[74.315601449013087,15.188361780253119],[74.316961118365882,15.186260801125725],[74.31737802469263,15.183750096364449],[74.314173277729992,15.180542603316418],[74.314246918023699,15.177517810906068],[74.311561435024572,15.175342419346975],[74.304642606214699,15.163606121063458],[74.295665870039585,15.151242844153689],[74.291345125338239,15.148912784942853],[74.288277457694718,15.149454426141432],[74.285134449246627,15.149028717745303],[74.284606026060558,15.145416965174027],[74.283623839569927,15.145299743596762],[74.283578296781656,15.14287306738365],[74.285185494216023,15.136722849361417],[74.284194400929351,15.132792688820256],[74.284883777061538,15.113913819061509],[74.282875571684329,15.11302996410128],[74.282658354557043,15.106737188032675],[74.276552069887998,15.105379055047996],[74.274535603603397,15.103287160843839],[74.272645106274524,15.097497567702831],[74.275239802836097,15.095948049401239],[74.279691801281913,15.088077417343131],[74.280728208286433,15.068817471149988],[74.283729176020131,15.066135003367878],[74.289510314573789,15.064824149377875],[74.290254407988257,15.053612693008018],[74.292911102677508,15.050080516317548],[74.294613492785913,15.049173022748541],[74.296494985402433,15.041207727227411],[74.293561489231408,15.039096313738749],[74.288242698283128,15.036739682811694],[74.283260104524857,15.03156810701284],[74.28341228182893,15.023529889003408],[74.272452839854253,15.014247673018087],[74.269103186551447,15.009117400012588],[74.266468207735898,15.006892859713659],[74.266637061364918,15.004118685263133],[74.268070053906143,15.00200951933607],[74.261911127063087,15.000243375688534],[74.259502751871224,15.000508519256613],[74.253605158419049,14.998145510812757],[74.251933841934644,14.993941263291882],[74.252120610665358,14.992680474039382],[74.254991590380769,14.989392346835476],[74.257703224236181,14.988232630178276],[74.264320510164737,14.978524688381126],[74.260988672250662,14.976473286155276],[74.25909882709864,14.970061322919335],[74.255271977038845,14.970420325417336],[74.253460888984421,14.963655694933626],[74.253745298298298,14.961118661980326],[74.252595871552955,14.959093829649863],[74.250206074419424,14.959863640885283],[74.249234372166484,14.959041231410808],[74.247546328153163,14.961923222884462],[74.24559408512323,14.961879072225242],[74.244279369263879,14.963339335290621],[74.241398014905215,14.964316796741482],[74.23913554138683,14.966726459676806],[74.236699833155782,14.966845103028652],[74.234960313880038,14.964595603100225],[74.232863713380581,14.964122036232979],[74.231452419645038,14.958099064115084],[74.231747604250756,14.953367636368935],[74.229803399345954,14.950499050180857],[74.227297841711703,14.949804177090995],[74.225964201942588,14.950455463913038],[74.223964816224807,14.948879264129069],[74.220004446869382,14.948022291166565],[74.217549528166018,14.945953615245303],[74.213664564293822,14.947690365792731],[74.211636528606704,14.943542745986134],[74.212634485920475,14.940270753385567],[74.209129299207717,14.938062203622554],[74.204217940054846,14.928339294217881],[74.201544791822869,14.925723679845442],[74.191657527767305,14.933042369095144],[74.194660724221208,14.937090792894923],[74.194759183169609,14.939942199291863],[74.191256260211375,14.9450088396326],[74.185275030911342,14.947296939143518],[74.182175333836327,14.949109686235982],[74.181459929018814,14.950519745409874],[74.179721679960863,14.950800328949345],[74.179865920649405,14.951658904246786],[74.17836042238666,14.95367465309358],[74.179458144799241,14.95705004366352],[74.17476389138254,14.958533195077591],[74.172304922175528,14.958072786572096],[74.171375116449127,14.957191751059247],[74.170352760892243,14.9579556050766],[74.163608336401566,14.958480917814489],[74.160772577831793,14.955553150300544],[74.159150451295673,14.955851566630312],[74.159459289395429,14.954826606956162],[74.158097152370559,14.953068618603259],[74.158719100957512,14.952116098799358],[74.157813386250396,14.951283649222551],[74.158333699446118,14.949306184916892],[74.15533324465045,14.9464799251045],[74.155019252915935,14.944087712756849],[74.154159181608406,14.943425799576962],[74.155469793065222,14.942196449333771],[74.154258801180163,14.939837312817289],[74.156238626082612,14.938865484821914],[74.15678183913154,14.934567978292977],[74.157688038030571,14.93403458695504],[74.158547284684701,14.930225121062902],[74.15949978185516,14.92841744162377],[74.162576165851874,14.926885061740556],[74.16591169674011,14.918592391631194],[74.166194807090093,14.916549826056226],[74.162118525418592,14.912140010627763],[74.153419528566388,14.916289482248368],[74.153419630974341,14.917139026366645],[74.145723905869104,14.918947240738598],[74.143721074213914,14.921450854876595],[74.140147420605146,14.92322696671982],[74.135044535243821,14.922092905128627],[74.12982554173368,14.925468588175365],[74.124225431676066,14.925323967637686],[74.120430905695116,14.919847465599638],[74.121596420368931,14.917969335750062],[74.119978006569923,14.916896093596096],[74.114614978085484,14.918355427384348],[74.113592676427501,14.917288917944468],[74.112756196675988,14.917731680725746],[74.109619326416237,14.916972323316742],[74.108513515572852,14.913944499668956],[74.107323899099953,14.914174901952833],[74.104795969821851,14.912900293952747],[74.101630887072275,14.915787518324001],[74.094526032438438,14.910987543130727],[74.090284550586205,14.903408613709377],[74.088188815164344,14.903430924660476],[74.08578216563609,14.90090437467008],[74.085032087645246,14.899844223595572],[74.087413632854521,14.898907328354046],[74.088333690961804,14.898686082236864],[74.091163487413013,14.899875042403044],[74.095880254407348,14.898226317254474],[74.09647514483963,14.897449157052639],[74.098822450761887,14.892944187765726],[74.09993830656677,14.888294365125565],[74.099674422858826,14.880747740307388],[74.105882819924531,14.874236719311801],[74.108048501767684,14.869239041765159],[74.108434384776103,14.86625659296261],[74.110395408837974,14.8629489278217],[74.111906611402745,14.846793843407463],[74.114926671031171,14.841678697575549],[74.115865059261807,14.84272255524516],[74.113291103901787,14.845722989951714],[74.116032259092364,14.843784548295892],[74.118122810336743,14.843617495896636],[74.123221364021774,14.841201038658442],[74.124792082669089,14.839546998036283],[74.125104930848252,14.837887129353906],[74.124017869641477,14.831970441675255],[74.126182832832399,14.816926814296604],[74.125462729825927,14.809264967068017],[74.124260545922212,14.805003402052639],[74.122054243160221,14.804257792413146],[74.120549494990755,14.801315840591828],[74.116239085406761,14.802043209605673],[74.11342457558672,14.798328471351244],[74.113336414026406,14.796787522236913],[74.111850186423126,14.796805498968517],[74.111250800821182,14.798581411706222],[74.113582385327618,14.800728054262475],[74.114218591974762,14.802300672265453],[74.114116248711085,14.804257418960253],[74.112615892405017,14.805084207418954],[74.110502566173253,14.804731574250228],[74.108639769294442,14.806145864034745],[74.106154847758873,14.806077873603225],[74.104329541170117,14.804491547762714],[74.102722285345266,14.805603036888048],[74.102178707580322,14.807017334882492],[74.099916639202121,14.807008087263412],[74.098764774429043,14.806230675306997],[74.093571901232437,14.805741871014771],[74.092773269300466,14.804001945743419],[74.095718888236249,14.798995449431171],[74.100284775093769,14.797879880864548],[74.102417079134227,14.794757496013114],[74.102570485333615,14.793270850400223],[74.104711727611146,14.792629356842317],[74.108306513188651,14.793732329090282],[74.109514243290931,14.792521331068048],[74.111274767872928,14.78982817787265],[74.110202012337041,14.78830977523906],[74.110193057930317,14.785019989183072],[74.111256604836228,14.784979420777884],[74.115213440219321,14.788391489257089],[74.117828342586606,14.78655241177354],[74.1203597438533,14.783226520037362],[74.121562764986805,14.780216966345396],[74.121442027819398,14.779448736711082],[74.118808824973144,14.777383532337101],[74.118822804555563,14.774523015328002],[74.119435941567914,14.773989801094634],[74.120290401998176,14.774270004374571],[74.120578298572013,14.775544305155531],[74.121966931406206,14.774509554413671],[74.122751827199167,14.775237094920428],[74.124906734648818,14.77517389301423],[74.125092419112974,14.777668400841705],[74.128120558189053,14.780551498856452],[74.132049628443355,14.780519869146794],[74.134529585888671,14.778142815751085],[74.137149093020085,14.780180793853214],[74.142383118938184,14.778540186722388],[74.147105848949366,14.772294668039491],[74.153504814619453,14.766301963427647],[74.157753313212396,14.759934282596676],[74.157739063237045,14.757927804094114],[74.153392190137367,14.755890263626743],[74.152356222408983,14.751827906694587],[74.150554777769131,14.751048979358988],[74.150653128919714,14.749550267063874],[74.152108403273246,14.747059887970154],[74.1541317093304,14.745532540930054],[74.155356373574079,14.745997019079445],[74.157551645024384,14.744925441169443],[74.158658428743209,14.747133998791963],[74.158246747018168,14.749747047188455],[74.159855610827407,14.750591181075766],[74.159795892623961,14.751528181597163],[74.163213371425641,14.752639952230567],[74.166816938933394,14.752639334583717],[74.172123866730033,14.751537717383238],[74.173989622659391,14.751856719895127],[74.175574693689995,14.751048352151836],[74.175716865558428,14.74970524818217],[74.177163231319312,14.750561590212266],[74.185000379098028,14.744400185814307],[74.19306656134161,14.734597733284447],[74.194888655554877,14.730538382975171],[74.192676529014918,14.726622934658117],[74.199654167831497,14.723520690025333],[74.201790780192042,14.720633966585639],[74.204032639171274,14.719276904063571],[74.207406313424755,14.718521128677232],[74.208432844351066,14.717643741614152],[74.204727608214426,14.729168828881853],[74.202758613401045,14.732065723094829],[74.202759484766872,14.734656035804051],[74.203807957942317,14.736389375121433],[74.208681157560235,14.737795081621094],[74.209592472364832,14.736825948939762],[74.209528786302769,14.734612987210731],[74.210377186698111,14.733582685385542],[74.218646542706111,14.737516087583963],[74.221014683254751,14.737270405038174],[74.22181059059649,14.736107506269498],[74.222901033061987,14.737595985000477],[74.227580086984077,14.73803765515224],[74.227119230582076,14.738527359776969],[74.228136652591388,14.740648124813276],[74.226127798630557,14.747716240016628],[74.234239229014975,14.748426556616746],[74.239268627694486,14.746935294686525],[74.247858517867257,14.740995766797322],[74.249321878854957,14.741183655207184],[74.250860486324157,14.73771967403526],[74.250207808167914,14.737242720167828],[74.25044161807682,14.736198889305534],[74.253288326211589,14.733238778614103],[74.262798110998219,14.719808399988304],[74.264152430883513,14.716223287677725],[74.264457300226312,14.712887292636339],[74.264935245279958,14.712876174702053],[74.262389144880302,14.710755129047556],[74.261859459561194,14.709425073973255],[74.258444808656037,14.707616760916284],[74.256920885946826,14.708307077165674],[74.256755001249815,14.707563321246909],[74.257420898115441,14.706338845092283],[74.260880980417767,14.707101793599373],[74.263506749705044,14.704898401697521],[74.264351212784533,14.705738728910749],[74.26663443019946,14.705416145970837],[74.270398316442652,14.700986649145085],[74.272340206388975,14.700086438286043],[74.271010132033211,14.69963093725401],[74.271046438343745,14.699053510866925],[74.275475413867142,14.68994154616173],[74.279920064992226,14.683032903097619],[74.282860964179491,14.675300767071846],[74.282494545866683,14.673524769304011],[74.280321701755753,14.671129571644835],[74.279447566424153,14.670879529212462],[74.277319804265758,14.672041670053213],[74.275519662183072,14.670177127330877],[74.277708507085819,14.669525586805731],[74.27563511815498,14.666347381424622],[74.277960790848539,14.66588311528967],[74.27937874199867,14.66212206835999],[74.281778989233857,14.66400678961171],[74.284295318566706,14.663565096594505],[74.279678133414862,14.660117212427894],[74.278677447019277,14.656497011125982],[74.280530672348732,14.656387113658742],[74.282268765099801,14.65334671977557],[74.282266245325417,14.651651778179501],[74.280500250003328,14.649236189159328],[74.282712984702755,14.64917145413472],[74.282995476113499,14.647081126760868],[74.285163339964484,14.647104726886884],[74.285443501145409,14.646038198378307],[74.284523858059799,14.643382507846285],[74.285886788297077,14.63847959729071],[74.285599648104721,14.635167306950782],[74.28643915607708,14.634214521184736],[74.284971059171184,14.633351457205803],[74.2845660752849,14.63027339315749],[74.283416091584058,14.629706083733357],[74.281599440263065,14.626482612631701],[74.279304057862575,14.625607901302992],[74.273394294933254,14.628005340071272],[74.271365490288261,14.630069611026308],[74.27173915531047,14.628526530058284],[74.270853487407223,14.628344561382885],[74.270434605685196,14.626982702029656],[74.273580966645923,14.627483427411464],[74.274351642107959,14.624329103375775],[74.275610700148917,14.623467320866226],[74.278643035255712,14.618362223792561],[74.278989911617813,14.614086535316989],[74.28132229472655,14.610138576097398],[74.287174323830882,14.605057251233697],[74.292999008217933,14.596489916088046],[74.293133123994906,14.593070827724214],[74.294299713053803,14.589553504569819],[74.301844010948216,14.574291506856964],[74.313351796250444,14.547346686979431],[74.314726954355365,14.545724290874064],[74.31506472180051,14.543276188403516],[74.314128457187195,14.540492951227607],[74.31078556640189,14.538778500381543],[74.311304255443545,14.53782540436436],[74.310800774879652,14.536704724906139],[74.311302319574096,14.534628272574952],[74.312199543405185,14.534004339154535],[74.311384432777615,14.532903445702733],[74.311652663433236,14.53190491941697],[74.316289310585702,14.530873556741483],[74.315987637448671,14.526572693238387],[74.314531918429083,14.525063135670969],[74.311515037938449,14.524673586071261],[74.310217270593583,14.521365373908797],[74.313583565187002,14.521709618839751],[74.31653122240013,14.519509005853651],[74.325654863666927,14.519848826418405],[74.326458806438865,14.51902063424472],[74.325978647936367,14.517610602445748],[74.326689573753896,14.516022055305935],[74.330070272832899,14.516641198197499],[74.330934804275827,14.518303878595173],[74.333334305909332,14.518752552394629],[74.334988466368443,14.51806070297612],[74.336019124155186,14.519320420594308],[74.33707919817418,14.519320644088195],[74.340277512301071,14.514662935119601],[74.341302375055875,14.515576659732904],[74.34097611682617,14.516325503414466],[74.342327323150656,14.516280382257811],[74.343910987419548,14.518992634858964],[74.343712774152081,14.520513231087925],[74.344714401083806,14.521353113165834],[74.348581775044394,14.520559279267061],[74.350212467915028,14.52169426402005],[74.354732040331427,14.522171392565442],[74.359892396311409,14.510918499750955],[74.358983984861794,14.509602139183864],[74.355419789614658,14.508421620917888],[74.354605139822823,14.502498097363349],[74.355933026780903,14.501431485374638],[74.359054548425675,14.501885714190308],[74.360499336744923,14.501071937018036],[74.363782263188384,14.494059482013784],[74.37625074368637,14.46193167005919],[74.383565110597274,14.439505161382103],[74.382383216940894,14.43645198924869],[74.382628478573039,14.434669985434928],[74.383375525648148,14.43512639958341],[74.384178261084358,14.43412670139767],[74.382650734334192,14.432007946752979],[74.380532350587401,14.432029749892939],[74.380253703067737,14.431279942320721],[74.38414469014387,14.429549583358348],[74.384869297303197,14.426659355053653],[74.383386438382217,14.424518817703353],[74.381112120576816,14.424388493798203],[74.382338435025702,14.423334516706358],[74.382316098416126,14.421476561393984],[74.384088670304436,14.419629357042226],[74.385694101650955,14.419401111584561],[74.386028502210451,14.418325456064302],[74.388904896970388,14.419781326247234],[74.393801767196038,14.418588539118593],[74.397669410651233,14.408179078083057],[74.400087549631948,14.397834842978568],[74.401380452599554,14.395498611707206],[74.401736333674094,14.387865520334891],[74.404755729447487,14.375304567704383],[74.404632830035155,14.372186133089155],[74.402381093181049,14.370360968696421],[74.402425483430804,14.3688288917559],[74.404955301865954,14.365536359740178],[74.40555653260752,14.360429441427939],[74.404932040890017,14.357680574036848],[74.409689063188864,14.34202265932077],[74.412495669631028,14.329396370571569],[74.412950672610634,14.317270202989164],[74.41857597502208,14.304589188055948],[74.42281836327443,14.28896904869565],[74.443042105621416,14.229875552609792],[74.44289300235225,14.227042018088845],[74.441655441894341,14.224565860587314],[74.443767470060536,14.222807349416462],[74.444174462579767,14.220610923866596],[74.447162204417523,14.219371865424451],[74.448384815112462,14.21816034874961],[74.44806953788877,14.217089475794172],[74.449588739951182,14.216158031170739],[74.450046824152238,14.214544579762979],[74.448906639274497,14.212574527988851],[74.450611152101914,14.211792275852453],[74.450999818091049,14.21046347912632],[74.45040163443494,14.208561138405123],[74.452907417546342,14.207168419602937],[74.452960722677005,14.203683966881082],[74.454245245261319,14.203108904201081],[74.453437027406949,14.201970673019083],[74.453470147393134,14.200285010107741],[74.455848773077747,14.200229455786509],[74.457699740042585,14.199079549164766],[74.460774855618155,14.201125473948718],[74.463905039717247,14.200533239140171],[74.465979821036782,14.197894510807044],[74.468927088381108,14.188676636368397],[74.478960282856207,14.143803726888327],[74.477085399145253,14.140192267897147],[74.478644373218586,14.139666188215303],[74.480011356654373,14.136108020056454],[74.483337041108754,14.123441701008467],[74.485069787087255,14.110874536262633],[74.486693436267785,14.105159813376842],[74.486949386055144,14.100989142965812],[74.485667863843872,14.094465635995059],[74.488257110326629,14.091574649223846],[74.488546352576748,14.08660491262412],[74.492568314919652,14.078196237019954],[74.495529613050365,14.063151720850703],[74.499946073245241,14.048245959662083],[74.500946135311708,14.038862917196854],[74.500732102712092,14.029150722574535],[74.502605233809916,14.027980546912707],[74.502986182372467,14.026880994906826],[74.501641324442076,14.025109262866055],[74.50136435317873,14.023352371716365],[74.506247351619777,14.015071055843613],[74.509162166426108,14.007645617026419],[74.509925859283442,14.001704471118849],[74.508999240779673,14.001105710149108],[74.512857269566368,13.996492959955424],[74.513982081574653,13.986858475297092],[74.516639774292173,13.984310867978349],[74.517412535642265,13.98451911223866],[74.525367761575239,13.974575779593462],[74.528413699870342,13.972511766414039],[74.531770676239304,13.967975806595554],[74.532449440573046,13.964818767895453],[74.533603819730615,13.96413613672056],[74.53435552726539,13.964631671410514],[74.534738930025284,13.967808174571033],[74.535593665340045,13.966490476238839],[74.539004991580342,13.964394831790369],[74.541454599443782,13.960039166040676],[74.541293242255804,13.958443810999254],[74.54202480596868,13.957287143901468],[74.547277586014943,13.955286939872975],[74.547315235306812,13.9535018449545],[74.549287961721902,13.949154972362255],[74.553489329305108,13.949594684220129],[74.557167430031967,13.951335717304946],[74.560310262410255,13.948222856370368],[74.560621039074377,13.945669561101711],[74.563522230929436,13.945769784864803],[74.566792728282664,13.949096822566462],[74.56920873286623,13.946779048818547],[74.573680590368056,13.938360720209639],[74.578226852629896,13.926747192016713],[74.578948834911927,13.925789257167693],[74.582590235866164,13.925044301132699],[74.586792546680428,13.918270677565436],[74.589796693551904,13.909517342697349],[74.596064636344579,13.883098543422868],[74.601834338446366,13.872858546057365],[74.603323887121235,13.872194371962422],[74.608255429621934,13.865931103383645],[74.608926100134937,13.866346934737866],[74.609060311133348,13.865542512550098],[74.609929913566035,13.865551621170427],[74.610032048420564,13.861045889992582],[74.608621095146532,13.863147248712867],[74.609005274050816,13.860128389695006],[74.617212328300624,13.830776059650686],[74.61712458266031,13.82834918640258],[74.618993180859221,13.824417472381697],[74.624011567091657,13.800307083758444],[74.625805832395741,13.796854354898706],[74.630231084402268,13.770339493125933],[74.640682708746866,13.718415847432667],[74.644619527868798,13.692370596415701],[74.644568344558849,13.687087467208199],[74.64555248758019,13.681957929020472],[74.64940179642042,13.67284208908705],[74.651767408211512,13.665086652365897],[74.654387736403109,13.663888769164322],[74.663643059012458,13.651938444160486],[74.665795214922355,13.642831598405234],[74.666252227433276,13.637815193056479],[74.668511334065968,13.640168011837293],[74.669372475266997,13.63479067683495],[74.66798336812235,13.633921511321454],[74.66728862635297,13.632291520650293],[74.673321788157907,13.601422379698402],[74.673014876046139,13.599946000581401],[74.677694806723949,13.574754024339349],[74.682219833710789,13.542814465297941],[74.686662999022417,13.501844955858537],[74.686250327353918,13.494957211358388],[74.688833625192871,13.464265136045093],[74.692392325445411,13.458248895138142],[74.695429877069046,13.455179415123361],[74.693896416946444,13.453570890771445],[74.692373349433367,13.456314578816967],[74.691500592117407,13.45618373243542],[74.691177051291419,13.454972600836836],[74.692459980264417,13.452097916005803],[74.693224172585033,13.443357116749265],[74.691967322603034,13.43975091313947],[74.69324076895991,13.436275137783698],[74.694368533730554,13.423448646181539],[74.696000648634268,13.415145980900652],[74.696570390730201,13.405275332860656],[74.696641134855454,13.394030892749983],[74.69490509295818,13.375908284325861],[74.695969301922446,13.368261058592944],[74.695765122044875,13.364306572393739],[74.696959063905865,13.358706626760315],[74.697112838414498,13.347358174021041],[74.69794791320092,13.346182884611402],[74.699784953583929,13.3464580700558],[74.700310527313945,13.344424157991225],[74.695062936835072,13.34506733576759],[74.693585630400861,13.343707350021733],[74.694656200335643,13.342920687170597],[74.698288433084102,13.34256268941062],[74.707530577408235,13.334691591210458],[74.710136739167794,13.330279758580719],[74.716365529787112,13.312579386959557],[74.718929849817357,13.2958202139846],[74.718963266247627,13.28627050081702],[74.726873007782785,13.264998816359885],[74.729281105395245,13.252745497380845],[74.730329716911243,13.251161885975426],[74.731794650849025,13.250525560003702],[74.734053037032865,13.234290550578272],[74.736001116371497,13.226516175914018],[74.736835388962376,13.224870721299165],[74.739324811955839,13.224388033768053],[74.737485288629401,13.223600461977364],[74.738844874438882,13.220684793628873],[74.741177730061466,13.207509376222205],[74.743508003027586,13.199237615106938],[74.744063564318438,13.193705463514855],[74.750598922096444,13.178079783744263],[74.764632300158681,13.122690370110332],[74.764457936263724,13.12083275515656],[74.778592634408568,13.061157769904616],[74.781674947286177,13.042470477266884],[74.7839921892908,13.03431800613313],[74.787285265798673,13.017013677293114],[74.789147538959668,13.003993369192088],[74.792205024199433,12.999624704642406],[74.793538273201406,12.995977862117668],[74.799153109341475,12.963976224829114],[74.80289049887709,12.948795951860122],[74.812193421416708,12.900054310427654],[74.824427378743465,12.849057475989754],[74.832906129349269,12.831120577660425],[74.834974612580353,12.828499592595271],[74.837121703788696,12.823975777560593],[74.843798047658979,12.805762468984915],[74.846756168448564,12.795372078680906],[74.85004917758279,12.792611016259338],[74.85547492644038,12.784082863740617],[74.861550056637086,12.76992770816822],[74.864189059905129,12.761376633617003],[74.865432072238463,12.766456883226462],[74.864395964372946,12.767062457065853],[74.865280009918763,12.767907635828555],[74.864404949322406,12.770886051018042],[74.86564838206732,12.767916749050816],[74.866122652113148,12.768427456060088],[74.866624655846749,12.766565397931778],[74.867840388141559,12.765869448670502],[74.866767546367413,12.764730426048832],[74.867688541417522,12.764084143148038],[74.86720978159191,12.761367795262489],[74.869391260309342,12.760563614977837],[74.872242241729893,12.761058450907878],[74.874144130594928,12.754938844397605],[74.879591285407429,12.755309551906816],[74.882312559982438,12.754048560118079],[74.893032249692652,12.762432336395086],[74.89957552432324,12.762580294061751],[74.902923368419039,12.765970632342718],[74.907629707769559,12.768962239874686],[74.912667652122394,12.771497236121158],[74.916982478722616,12.77223339809893],[74.927501104810986,12.778672321322379],[74.931346335299807,12.7791326294186],[74.932926124236559,12.780542467387281],[74.935408280757656,12.780853828238177],[74.937678250717099,12.779524565252931],[74.941726128557619,12.779975638112647],[74.949923873566121,12.783227807302376],[74.950688598587703,12.784285212079046],[74.958190356761875,12.784667306314704],[74.959989147778373,12.778886104013964],[74.962927049287515,12.778681825757788],[74.963775277206338,12.781506363596044],[74.964406203556251,12.781632717087053],[74.966330818001339,12.780791442386358],[74.966536597778401,12.776479601105143],[74.968360105041626,12.776361494145828],[74.975890171825327,12.779129468579669],[74.98193208501776,12.779628920060425],[74.98243509396616,12.78230889685563],[74.984281892748058,12.782764670014931],[74.985137934213242,12.781553061744136],[74.987307482405384,12.782962338670718],[74.992094400636887,12.788207715793298],[74.987408626418173,12.793592575009972],[74.989030460103464,12.795463061694203],[74.991217989872638,12.795534473801283],[74.996018467275036,12.789304320397312],[74.99874921817802,12.789081653950666],[74.997739685173514,12.786885540113353],[74.998305677701396,12.785940677142326],[75.002431408934342,12.788336979613504],[75.000965721310038,12.788911811926248],[75.000184388235468,12.7902234462902],[75.001027331365492,12.791419597603968],[75.003162559422194,12.791667309167492],[75.005089178906985,12.790311583201991],[75.002967913364756,12.784379239843993],[75.003387792216742,12.777976430802219],[75.006214885637291,12.770835778192231],[75.00944829963727,12.76751232825093],[75.006059931640664,12.766119469305236],[75.004330205798183,12.760429302714444],[75.002332317571984,12.7585749789269],[74.998679153179097,12.756991963199516],[74.996600272846905,12.752084498162473],[74.993719105337846,12.750003320681444],[74.991888590317089,12.74597367831527],[74.988814347904011,12.743527616999414],[74.987681342361995,12.741652849612388],[74.986710753121713,12.741367186619447],[74.98557933130958,12.743306426922715],[74.984638272387599,12.743075100900265],[74.984032077555767,12.739932821922141],[74.985449550802144,12.738886266645281],[74.983267278872319,12.737196294307962],[74.985591933774685,12.733597227221672],[74.9870541125795,12.734607808420611],[74.98724022015017,12.73656864210272],[74.988928350401764,12.736285424144944],[74.989278695159186,12.737093980215761],[74.988269987706431,12.737397333418485],[74.988805628855843,12.738205865789691],[74.990386720349747,12.737458495393041],[74.989418694002978,12.736589374138973],[74.990015542762563,12.736083922388303],[74.991354160994987,12.73695298929799],[74.99046961957913,12.738732029398269],[74.992484888409422,12.739885090060904],[75.000000000040288,12.732054055154789],[75.00542756259641,12.730920721385267],[75.013399624754399,12.727954546836759],[75.004939871720254,12.720276415941003],[75.000960282011008,12.719560896833688],[75.000986522698753,12.716393164105385],[75.015036738782698,12.714231664861762],[75.018637970670682,12.721109654849014],[75.026577455424913,12.719308896319834],[75.031198149396246,12.720939189748643],[75.033577880906989,12.723505819341764],[75.039050837131086,12.723819582063729],[75.042681037890347,12.72077337137201],[75.044311213331397,12.723106626361037],[75.047916386128534,12.720598039261475],[75.052457764250164,12.72008110018891],[75.050335648003369,12.716318034385885],[75.053890820571766,12.711124806134372],[75.05429700820055,12.707131281992611],[75.051885549990615,12.706896740214194],[75.050228388260095,12.704387106149325],[75.055586140938885,12.693456494031221],[75.053849669646937,12.69052043575512],[75.053164128422679,12.690733042213514],[75.05270814807605,12.69246552508743],[75.048545272404439,12.694041234146175],[75.04392407178328,12.692637129282469],[75.042679735333181,12.688127081874498],[75.040498965386504,12.685353413827423],[75.043001104032811,12.682239810656824],[75.041458414618987,12.678727328288106],[75.042571464086919,12.672847434022231],[75.046087541974231,12.6693397249682],[75.046642001032168,12.667565674285292],[75.048041859214166,12.668650850240615],[75.053973848260242,12.670222190381807],[75.05516412319821,12.66950791435274],[75.056184108101036,12.666280365235115],[75.057519793334066,12.666054639752106],[75.058450385086331,12.670825673024332],[75.059813990856725,12.671766017435813],[75.060746395409225,12.671082429800304],[75.061006400191786,12.669225945969837],[75.063515645410291,12.667806793247285],[75.065248110216132,12.664825730217045],[75.068576609092275,12.664670258672521],[75.070161408831709,12.665539054387505],[75.072673074111592,12.671020569982002],[75.074146224939255,12.672245933400751],[75.084202372268194,12.67523199114058],[75.085166105566245,12.6747608187525],[75.086385738346053,12.676093714952685],[75.087442513751341,12.679202056819006],[75.085497464430162,12.682467186080332],[75.085575483112606,12.690217942360279],[75.085110009370027,12.691644339563064],[75.083101508447072,12.693327591938273],[75.085081690878994,12.695670888721024],[75.083309367824057,12.696952651818011],[75.081153322208962,12.697383491342654],[75.080949289655109,12.699068519761147],[75.086009140324407,12.70403456312911],[75.092322059068408,12.699808316826148],[75.093599025922899,12.700581038297726],[75.100231435887551,12.699663746387296],[75.106249110736996,12.696814515659561],[75.107620442917124,12.693041080582127],[75.107268323088689,12.691046898865821],[75.110616619037074,12.690583704421352],[75.110177568340291,12.688449125353253],[75.112591801446172,12.685221510381036],[75.11261973725486,12.683820659101412],[75.111457480770568,12.68181922917084],[75.117392871736612,12.681278799911146],[75.122128602166626,12.678912938893353],[75.123119011835357,12.681365645207032],[75.124923111895185,12.681480098871116],[75.128414077378665,12.676936268610307],[75.131088427556506,12.676963087846056],[75.132513675721668,12.676136311586335],[75.134665986141812,12.678045908296424],[75.137639425003641,12.676763184954686],[75.139817597920796,12.680589009196588],[75.140949803962201,12.68064692024314],[75.141941770411293,12.678589399586842],[75.143194565398119,12.678390145640355],[75.146394757003947,12.682187600947788],[75.152002592572998,12.683240573699267],[75.14903423458243,12.676158401745695],[75.149876838149254,12.673327496943426],[75.162033532276752,12.671956426331485],[75.154877553621759,12.65893608608893],[75.152957869130958,12.657628413895223],[75.152115996792773,12.656111765299144],[75.150805955766145,12.650056280811027],[75.142924282092068,12.646519322600001],[75.138506962209476,12.643436386617134],[75.14330170117384,12.639664846121279],[75.144440329271191,12.640491027084392],[75.153922305809871,12.624970661152956],[75.160683099401709,12.622126922351775],[75.162601415758331,12.622358978051711],[75.164174373905652,12.624072195692225],[75.167341448220199,12.622410034993585],[75.169960613093522,12.622273641475244],[75.180052076789508,12.631199090564296],[75.182900365959213,12.632798657114389],[75.185545194801875,12.631853200721704],[75.18821962942134,12.63314039592915],[75.193162899428032,12.631596400975916],[75.193742223853079,12.6303056461041],[75.201741893036399,12.630022551843973],[75.202812628261185,12.62759434961594],[75.201006020105083,12.619571567740167],[75.19876706897243,12.614430890593136],[75.199257752136816,12.612068693393935],[75.200949723584557,12.609606300724623],[75.203964977226192,12.609298997693823],[75.206739311691805,12.608014759608034],[75.207923956887896,12.605889655865509],[75.207754451980279,12.602689494354912],[75.209984711014258,12.600233046603304],[75.20786337720007,12.595725442910213],[75.201727557721085,12.593357000341182],[75.201142228956684,12.587733181053709],[75.208034579025238,12.590985180723729],[75.209488381938328,12.591070859120057],[75.212620363566302,12.578163834586613],[75.214571272598093,12.578187690227603],[75.21776558023879,12.576362234989046],[75.220318333561465,12.569102548921213],[75.223926563325492,12.570355986679051],[75.229186594572738,12.568531918103965],[75.234704055132639,12.569872010332436],[75.237497390763124,12.569758048570764],[75.237850274159555,12.57488399733395],[75.237096524754094,12.576138197724083],[75.237502290174703,12.577395801702124],[75.238982025653428,12.57802369306242],[75.23866578723235,12.580707374045383],[75.241575904748103,12.580028715830029],[75.249697912795,12.584566691855024],[75.251783163080859,12.589001558330891],[75.255342481374328,12.591384249088023],[75.256846692351274,12.594741890301666],[75.256841545903015,12.596508969959704],[75.259932141247546,12.597100554620177],[75.2612636133819,12.598166320934613],[75.263491043621059,12.604481689173772],[75.265185984899119,12.605557474848359],[75.26599587541655,12.607191172982244],[75.265128504399016,12.611170367613154],[75.267161788044035,12.614656005095444],[75.270387720874325,12.614655833275799],[75.272612562168803,12.615561296603641],[75.27383407691913,12.617260632861029],[75.276349463919232,12.618507456121721],[75.281697378249007,12.616436997075644],[75.285976129405768,12.611210505573688],[75.289583691721575,12.610398915595971],[75.291564810198011,12.601948353237693],[75.295409732564721,12.603105060971314],[75.299069272301168,12.605895909963545],[75.301885168221688,12.605409005093945],[75.305578346272299,12.601062382049875],[75.30771337041142,12.594927653092499],[75.312156824980576,12.589718820933347],[75.314179857051556,12.591028398226525],[75.323536738695353,12.59092611138505],[75.325362833106595,12.591170157195531],[75.327013390423119,12.592393809812556],[75.328044890829574,12.59098091376752],[75.32740444503257,12.586181930083059],[75.328003863872226,12.5842949533625],[75.32642821527061,12.58139192745057],[75.318694012626821,12.577490239062415],[75.317185762824337,12.574276064955164],[75.315393257319897,12.572537156424564],[75.313118189421218,12.573295085010153],[75.311290878691096,12.576951173568961],[75.308038618934788,12.57832565380286],[75.299817338964132,12.581187472295952],[75.293995530982599,12.581556184610832],[75.29053690125609,12.582609026596019],[75.286191121406077,12.573441038603779],[75.286665112075866,12.571756561783998],[75.284674311557268,12.569568310634613],[75.280375896278954,12.571509109646373],[75.278546488880963,12.571598206086053],[75.275617840019223,12.570057826192947],[75.274804828754498,12.568838648327109],[75.272886586059698,12.568968930132451],[75.270058684155401,12.558449204839865],[75.272154974736111,12.55483833016514],[75.270556004971439,12.548336913617772],[75.272296856448747,12.545976426663751],[75.274487040739572,12.540216660972451],[75.273957917765856,12.53559815518474],[75.27863918244185,12.531459869050604],[75.280309768595941,12.525311636044087],[75.282433757830134,12.526142950403511],[75.28907474041759,12.526190003106507],[75.291346089290954,12.526845221802548],[75.295537217876586,12.525248171326682],[75.296518589595252,12.523189800844152],[75.299682770436263,12.523104789112404],[75.302381556586454,12.52408054436936],[75.304097654986094,12.523281857904417],[75.303213012958935,12.51426167703408],[75.304736114608005,12.507670826223181],[75.303933789701858,12.504736218322329],[75.307011505001853,12.503269659169206],[75.314452385247492,12.50291896960835],[75.315466903901836,12.501617720365807],[75.313930724578853,12.49993705643158],[75.315028393990843,12.497110670591949],[75.321494225759125,12.497768957265704],[75.324509862083062,12.496732639073638],[75.332337453583804,12.499075344203703],[75.33299720687117,12.498331291110549],[75.334476571345689,12.495487722346844],[75.333528648396637,12.492045984619178],[75.335637237811895,12.489533866647854],[75.337424612139444,12.488516929189148],[75.336101929121867,12.477006933619009],[75.338691490014966,12.471599008300027],[75.341544927429567,12.469120272673425],[75.336604266130436,12.464082325199538],[75.346109288947702,12.462980370313307],[75.351729506894657,12.464878728024019],[75.355294023738679,12.464873790599301],[75.358492760073744,12.464000178081461],[75.360817619791945,12.464968383185074],[75.361580420622232,12.467121476598948],[75.366764028594957,12.472701919429639],[75.367511935357811,12.475334106353802],[75.370995124125898,12.47479544827149],[75.372599452341262,12.4770318081619],[75.372212520998943,12.479182200731902],[75.373000538437537,12.48046764458971],[75.371549217569566,12.483325123165319],[75.371600332607542,12.486900162075399],[75.368637178557435,12.487277337918345],[75.368052562157047,12.491212519598511],[75.377790209107062,12.495104128033027],[75.382055885284842,12.500600734839606],[75.382230848356116,12.502015757340196],[75.387406191828262,12.501896593805947],[75.391694826249747,12.49936191627118],[75.394598564828641,12.502767290387109],[75.397972726867323,12.503737598236881],[75.399054259841847,12.503523037910682],[75.400080390119555,12.500002094608925],[75.402305636554246,12.49792610067807],[75.40805858777091,12.498644043237114],[75.411951642768855,12.502010646975005],[75.413546442554008,12.500590466694076],[75.416133100092125,12.500027856240628],[75.417360149362906,12.498438539247136],[75.418687385940672,12.495318418204542],[75.417330204022889,12.49336754088848],[75.418446284406627,12.492068343218383],[75.418573964652921,12.490545510597741],[75.420584020559588,12.488520583900566],[75.42030014125173,12.479756519197871],[75.424820028976811,12.474256904847181],[75.4249502370823,12.469511646127025],[75.423259148678483,12.466779414656751],[75.415717019317157,12.465976006717121],[75.415648441030044,12.462156191093642],[75.413315585407474,12.458567036579975],[75.403982816342506,12.454935240320879],[75.399618256313218,12.454929972012128],[75.397001699249174,12.452777278235015],[75.393403862094644,12.451372659365314],[75.392208496403939,12.455116617969079],[75.38988532641676,12.455355366110435],[75.386286448114802,12.458284914813449],[75.383454036667771,12.457975521712793],[75.381865863754484,12.456634086254034],[75.374219104917074,12.459725791303807],[75.373042973953233,12.459185204357352],[75.371264927731573,12.456555170897671],[75.368326911238071,12.458071346598841],[75.366174132795678,12.458197345866934],[75.365630385249148,12.456745247167092],[75.367170290783889,12.453332080076299],[75.368893227159475,12.452170160858239],[75.370285540391407,12.448869672433654],[75.370422267570902,12.445620362964224],[75.368848654551726,12.442172819662353],[75.371316950966317,12.438906485349657],[75.371485483896763,12.437718194243637],[75.369077310825816,12.429464388231731],[75.369992562946308,12.425656516304583],[75.369048527905818,12.424320986417253],[75.366983031573042,12.417071261837993],[75.367130198972774,12.413302325331987],[75.366168088032111,12.411826731128594],[75.371438279225231,12.407888957589558],[75.372610925624087,12.400253656394963],[75.376176442293001,12.39944843719552],[75.377733129255603,12.398421620414551],[75.379739140048585,12.394042215605765],[75.379242046506292,12.392359837257032],[75.38393545460832,12.390910802372133],[75.38648861217284,12.392367437168819],[75.390751764983008,12.390085681364388],[75.392292343355948,12.38998968577849],[75.394647380179521,12.387653920050465],[75.39595599557974,12.384488616425152],[75.398574698719017,12.381430175146503],[75.400401694140484,12.380738236521958],[75.401542432380438,12.382517017223972],[75.404441644348637,12.379413977702013],[75.405532102983813,12.379059318072949],[75.413124986260385,12.380291740290424],[75.417914408994861,12.376894410070367],[75.421928475146416,12.372663630840963],[75.421870590404453,12.367719052316671],[75.420764130079135,12.364928038403521],[75.420449885019693,12.359445073842164],[75.41963708755398,12.35694396763274],[75.415442344147664,12.349613140078489],[75.411682751851487,12.349139479366471],[75.41040451208427,12.347193196303659],[75.415390219403321,12.340063057153184],[75.416189778396657,12.329927312960741],[75.418641677862396,12.329168747796052],[75.42028244264398,12.318985036659178],[75.421811310578846,12.317758987834738],[75.42310089516981,12.314543759714413],[75.425949938924333,12.31287759896539],[75.427159035364156,12.310719781874184],[75.431089454887996,12.310588003074598],[75.432150161320976,12.308994768737524],[75.431223847346061,12.307957830162541],[75.428288778224996,12.306993492009193],[75.427761936972146,12.304054542159982],[75.424114855072034,12.302921443337755],[75.425145016988722,12.300568853760675],[75.422009834663399,12.298672967568233],[75.41927359415574,12.295132784429157],[75.413727324624659,12.29235933398253],[75.41392414370678,12.290669447159079],[75.421096698075402,12.291710836424386],[75.422840418771699,12.295095192932376],[75.426599142397023,12.295613939139065],[75.427380306588304,12.297807628257221],[75.43008501892443,12.299011077348577],[75.433016617853539,12.297344898811629],[75.436351217188786,12.298450165235275],[75.441204455342785,12.296602683310136],[75.445734265858505,12.297633470999363],[75.459903315579822,12.29404185820618],[75.46373714824432,12.298302471956607],[75.467196591844498,12.29910484096094],[75.470148933771853,12.300710596765242],[75.471757693376489,12.298426751705037],[75.475467392343475,12.295957221679691],[75.4794029592139,12.295413385925276],[75.48100893673616,12.292166877896845],[75.486628074009801,12.288602542347986],[75.486921566189537,12.28428222681427],[75.491355003644941,12.278157419131361],[75.493870242423014,12.272788197054503],[75.499151747897159,12.272324766142855],[75.50539632011936,12.270744019196648],[75.506537660230549,12.267491898774312],[75.505830801984615,12.264579946315143],[75.511782504559605,12.259582929398396],[75.511592466859568,12.253056124766912],[75.519803658749566,12.246214316278982],[75.518609202153954,12.2435139262191],[75.520669428969256,12.240227279579518],[75.521113475197353,12.236133173620097],[75.524101785668663,12.235392667057898],[75.528331702609947,12.231594426228163],[75.526913271759469,12.22568924856604],[75.531717819428437,12.221638828377163],[75.537139815124775,12.219180390362254],[75.539689641736231,12.216807343014462],[75.539268281562315,12.21343038249524],[75.537030733598129,12.208075127396048],[75.535117957151868,12.206241425004647],[75.531943899334308,12.205670998199766],[75.53261306516923,12.201446220387538],[75.533210859854833,12.201166994927398],[75.534158842092708,12.202926805101411],[75.536486712065454,12.201276567003118],[75.53980160415999,12.202733051934104],[75.540712565028358,12.202033969105981],[75.541175323163799,12.19754670434612],[75.542127151089417,12.197155085179288],[75.544831478946605,12.198266911325357],[75.546247210359638,12.197943900209236],[75.548590403794492,12.192628001580305],[75.551713430117431,12.193387974739951],[75.552619507743927,12.192847114989789],[75.554974535584336,12.183178715587783],[75.558514091839868,12.18206807307317],[75.559353398589622,12.177495471114623],[75.560265376350898,12.176118381239794],[75.563452177669078,12.17433370682215],[75.569780922033402,12.172852251236771],[75.575383785427391,12.162809029096548],[75.577197358221881,12.157754266725558],[75.583309875402392,12.159124182339511],[75.583749615107024,12.156991492089064],[75.587317147595428,12.155360745805627],[75.590459291864207,12.152486388845038],[75.592556694559264,12.14784771591728],[75.593530329088381,12.148038964990096],[75.594378277631137,12.152266301602152],[75.595904856658677,12.154316012881717],[75.601969946385466,12.153642480564542],[75.606905641797667,12.15549370238676],[75.611246615660903,12.152620825725084],[75.612926844331255,12.153400667184412],[75.614963287351102,12.155604672048256],[75.619032236074915,12.156518864148008],[75.620847429430214,12.156146301406356],[75.624522052778602,12.153294882268838],[75.626447465825962,12.152945002877129],[75.631331993199595,12.148784343621971],[75.636053929100072,12.149174938126713],[75.638175436289146,12.146515546311747],[75.6391949585596,12.14335762728407],[75.637908663599205,12.140042887344524],[75.638259258088311,12.13895405197756],[75.63983054806414,12.138802487104574],[75.642047922562014,12.139804267137482],[75.643193309583552,12.138648654554482],[75.643242709737663,12.136140255987083],[75.644504573217262,12.133746413388815],[75.643797329594079,12.130238102655019],[75.644083843660681,12.12551520667356],[75.645609854054626,12.124798544046396],[75.647533804644709,12.121921980394706],[75.647778420388164,12.117610354134127],[75.646581982109012,12.115800881967946],[75.648753805733762,12.112929068736673],[75.649080164574798,12.109331719635952],[75.652004686576106,12.110356917567183],[75.652758301234272,12.110050585357047],[75.653000025300841,12.107912935907093],[75.658508126313777,12.103648645810466],[75.660611679773552,12.100121310313138],[75.661981660887506,12.099182935924086],[75.663814408221739,12.099072128112773],[75.667417540046557,12.097309379786937],[75.676868735812036,12.098197569308226],[75.679876245975919,12.1027300387479],[75.683640442137929,12.104492630985956],[75.687179460302616,12.110246004599936],[75.695543468198849,12.110485959957119],[75.696936622253844,12.109194875384425],[75.703262596213833,12.108171381345496],[75.702927344949842,12.095926701784284],[75.702132308973901,12.09229182763306],[75.703308887298761,12.091610649570741],[75.706670131563655,12.092287741395548],[75.710833266848411,12.090416410213239],[75.713065342275883,12.090477607575574],[75.714324827016583,12.089543248727999],[75.715034213121754,12.087582417670381],[75.717929866863074,12.08557860330809],[75.717685413714733,12.082287880325548],[75.715449415344366,12.081657306168843],[75.716292324338411,12.079366613600852],[75.714959327763026,12.076192259729266],[75.714731286834919,12.070442778646379],[75.720016911084585,12.070855068720549],[75.722187465389851,12.07246636771514],[75.724845819267401,12.07318314256273],[75.727739794955809,12.072548752949501],[75.736105548278658,12.078948122637927],[75.740326164961786,12.078992896045859],[75.743581186139281,12.080166630415587],[75.745902389714303,12.078270506017551],[75.747119490143305,12.078185764839152],[75.749127250854457,12.081909907404492],[75.753484651310956,12.084131210199333],[75.755790630238536,12.083341228796996],[75.762822159887335,12.083249418880472],[75.767630200206099,12.084476379329427],[75.773307595022558,12.082697798013028],[75.780362125135866,12.082506104194179],[75.785418168745039,12.084257067839653],[75.790190787593843,12.081989693133538],[75.7953943902682,12.081950626423081],[75.797209163211917,12.079908238723482],[75.802550872878058,12.078562815398206],[75.803828607792099,12.075159680179574],[75.802607316722316,12.073821476642129],[75.798674704410843,12.063266223721934],[75.798663145788055,12.056038826669312],[75.794369391867775,12.05604205604206],[75.793960979112029,12.055029458653109],[75.797865619682213,12.051288167277017],[75.79966235804828,12.04738342157308],[75.801101097112365,12.042723829253292],[75.801070648715807,12.037006041897111],[75.811023680229923,12.02857452301274],[75.809927756244562,12.022711898830183],[75.812067872034703,12.021342886994988],[75.815465943632987,12.020507498264942],[75.822855442041046,12.013367567145643],[75.8232465792955,12.009801402799393],[75.820378461612592,12.002519198958215],[75.825231575799052,12.002732620663904],[75.825006014221103,11.996573110388226],[75.825631219200972,11.991872916910573],[75.827257021643206,11.98768362327912],[75.829470165974399,11.984506807838395],[75.837044820637203,11.980928641189568],[75.839706969896866,11.982669077611385],[75.840712455990996,11.981168737626792],[75.842612821313338,11.98140854562198],[75.842925048756626,11.980726138247569],[75.843925619269513,11.981716055403655],[75.846909305213757,11.982005693827986],[75.847772534997844,11.979705351333608],[75.849553738797695,11.978037850179788],[75.847997962726794,11.974946297815102],[75.850109485141488,11.974743164705158],[75.851684160867649,11.972239509362897],[75.852997008231185,11.971593352120998],[75.853672244880826,11.96589878977078],[75.854608764615634,11.964109139631306],[75.8564769837255,11.963137611991435],[75.858859449707964,11.959418227380915],[75.866432959917134,11.957375906072267],[75.870449255687177,11.952580852400885],[75.872542214416526,11.953299537154018],[75.880679978015181,11.949706642707435],[75.88220381358785,11.950899807047964],[75.884898036296377,11.95091786906305],[75.88602257791176,11.952025145097616],[75.893072376598496,11.948892899797025],[75.897033105280045,11.945471410320014],[75.898731399070755,11.94666447643602],[75.900268908798637,11.946036159608957],[75.905556292847962,11.946135193981679],[75.909085932601073,11.947260243357215],[75.911472512867562,11.946527833252162],[75.913987745357431,11.94692075758201],[75.917466468600253,11.944877499140162],[75.922565622359883,11.944754778907118],[75.927191795156148,11.943366567379885],[75.929316584789234,11.942136898372624],[75.930784795781179,11.939700606331128],[75.935714132917823,11.940061268977507],[75.937215067738947,11.940621402253269],[75.937408162405902,11.94210377715854],[75.939601782752689,11.940996043967722],[75.947413697753419,11.941776213880861],[75.951736946957752,11.940636244744983],[75.953742999073242,11.941928331156552],[75.956368327287691,11.941896010571055],[75.962577390005066,11.938965626144959],[75.972581866238855,11.93574917418279],[75.976399743027315,11.933705079151999],[75.979273217364266,11.934761675401948],[75.983471966358451,11.932717350562328],[75.990421405261614,11.934707878109323],[75.993913110956925,11.932270469870851],[76.003198547789538,11.931391668807661],[76.007381354382346,11.939022782562981],[76.013118057770498,11.941715060043702],[76.016487553061268,11.941101784253028],[76.022380413290207,11.943965225119126],[76.026755348861045,11.943080432051049],[76.02823436029766,11.940886145673311],[76.029974273035478,11.940153253405303],[76.033719936054865,11.940296954567403],[76.037473945321551,11.942924922103135],[76.039070607314272,11.945086529883099],[76.04232943734857,11.946017933800176],[76.044820617446717,11.95053623930921],[76.047840822602197,11.951840267643695],[76.052041145444761,11.951609911732547],[76.057956706100924,11.957783672903727],[76.067421167288202,11.963329001574492],[76.070096666411288,11.967076749896485],[76.07728545243873,11.968737103864383],[76.089795554578771,11.967429802641146],[76.0946524030619,11.968875498676546],[76.10476987029044,11.975688945899446],[76.112303368638521,11.97865510734912],[76.113374219745992,11.895210905587097],[76.111763712918091,11.887359599803379],[76.114904180032269,11.866825497433398],[76.112863903002776,11.858712027353059],[76.117853323058881,11.857193531583516],[76.116714698554802,11.856162942563781],[76.117038756810373,11.854847706574732],[76.118787194560255,11.853130167590153],[76.119944054864618,11.850467895662954],[76.126345013896355,11.853030944603695],[76.132292178182496,11.853871716749119],[76.135311689838574,11.857550957648254],[76.139221493924964,11.859779250157258],[76.146082331093382,11.867001993237011],[76.14940481574871,11.866423216859317],[76.156027207701328,11.870138168307179],[76.158808184310146,11.870237365731112],[76.164810525815994,11.867565369820563],[76.17349814640346,11.871207358663851],[76.178807648771695,11.870166905401701],[76.186724243554167,11.871955420283896],[76.19038625365765,11.871213435899687],[76.198379396580407,11.866551522339964],[76.20201292829276,11.862414834909119],[76.20747363958121,11.861536606341852],[76.20809163827586,11.85618024337664],[76.209664598219845,11.852649734795817],[76.209109075556569,11.851442971015969],[76.209971440263004,11.850330873563243],[76.209397573103331,11.849417951760568],[76.210080203786049,11.845512488953849],[76.210860130098865,11.845132574242776],[76.210258736762228,11.844219768701905],[76.211699546443057,11.843984314619647],[76.211524860951215,11.843003504036437],[76.213112510146729,11.84261886280283],[76.21161125822033,11.840029345347428],[76.211660976378013,11.837376048220321],[76.210356954962137,11.834646343967194],[76.211182338723262,11.832526263944452],[76.209891757900664,11.828169364377983],[76.211139637306246,11.827640167983294],[76.211162250596914,11.826437804310077],[76.212767902030691,11.825555987931818],[76.213712520077806,11.823571470626893],[76.215446932431135,11.823566399958155],[76.21569415059399,11.821767413607185],[76.217093529973894,11.82157262805964],[76.218482798815316,11.818552826333617],[76.218210848236083,11.814358320307729],[76.22371917472617,11.808204883965763],[76.229347781141229,11.805310246893121],[76.238192827888966,11.803480989631725],[76.241606629886192,11.804175771434478],[76.24557930526268,11.802926661110957],[76.249998576286075,11.803371637328198],[76.256880259758915,11.807778773203767],[76.259641944148711,11.808688505807078],[76.273685368070787,11.81063328560708],[76.276873425233731,11.812374641580778],[76.280223147706792,11.811607498823486],[76.284879461675786,11.800295470398694],[76.290236079782375,11.792830231108542],[76.294026064779558,11.791760146906988],[76.301171053445344,11.785628616211561],[76.305584342587224,11.7858965580345],[76.307699810402625,11.784215645378874],[76.308284035137547,11.778231292591103],[76.310083732554176,11.77303826120114],[76.310709093840913,11.767302535044701],[76.313618393889726,11.763569717143833],[76.314454916760411,11.756907364635241],[76.316694067319048,11.754643396921578],[76.316855075062392,11.752591354701423],[76.319603303587513,11.750477004681088],[76.329145006414478,11.74828217414189],[76.334838192715324,11.744640095842703],[76.336687178894934,11.741969063590579],[76.338636813217335,11.74101557300774],[76.339738034567901,11.739004333439253],[76.350200722563542,11.740235142858362],[76.351664205722145,11.738305244350997],[76.35250359242194,11.738278217308173],[76.357424845619335,11.743833849989942],[76.359374336211275,11.744738009761061],[76.362818950422749,11.74836781426907],[76.365007019181064,11.747626654347979],[76.368461024380537,11.748137583038796],[76.376993113354629,11.744544479166844],[76.380947137909203,11.746935571241373],[76.383947124682621,11.747202316818905],[76.387956287829311,11.750655541970424],[76.390194997315177,11.754280069912875],[76.391291346203701,11.75476818935784],[76.393401441195365,11.755025780805326],[76.395538964447624,11.752494505110832],[76.398639807772909,11.750808357611996],[76.405209099410769,11.756372043372219],[76.408603734054793,11.757343487913953],[76.410622300600465,11.758866599251437],[76.414232412335068,11.758848091827391],[76.414975151988401,11.755503218597067],[76.412300461349062,11.751819692389603],[76.412900776707346,11.746522577352385],[76.412414259030939,11.743684116686543],[76.410478354559373,11.742084201155889],[76.412877094421503,11.740108729035118],[76.41632222426594,11.742363765096398],[76.41816624186373,11.742603153385069],[76.419528227073329,11.740085252804086],[76.422101274236582,11.738285958921596],[76.425237721389834,11.731735968781102],[76.42622318762956,11.727328825394233],[76.427443046784788,11.725977081127455],[76.424938218582525,11.722822514856484],[76.42411222127204,11.720291445782411],[76.416589780286799,11.717693419895324],[76.417075853297163,11.716852639721747],[76.416098635388352,11.715053793385488],[76.416057129628982,11.712956482202387],[76.414006792366607,11.711252708338227],[76.413194918369015,11.711076437829384],[76.412663065415188,11.712188486955895],[76.412571665428274,11.715470017657571],[76.408530843854322,11.715054602620173],[76.405604333881257,11.711194714434027],[76.403659668140733,11.711619779360268],[76.40344393682696,11.710137197666146],[76.404274025963545,11.708961949986467],[76.4034070951205,11.708071585171824],[76.405236922930072,11.705856594859114],[76.406626612183047,11.706118657396546],[76.407447692115653,11.707447455241471],[76.408883181075041,11.70638964881493],[76.409268063360216,11.702285378573624],[76.410868467734403,11.70005232315672],[76.409831773268976,11.698750632413736],[76.411776294380772,11.697828367368706],[76.412376775927385,11.695021421643453],[76.409634135821662,11.694375281989041],[76.410826501139312,11.693670003194555],[76.409822073260557,11.692757095024296],[76.410257553154111,11.691003250309826],[76.40844133302447,11.689715233915996],[76.409569284644675,11.687739828070415],[76.410931385736916,11.688042608329367],[76.41120643370725,11.686745312360344],[76.413045356060735,11.685981244330437],[76.412600204904862,11.682763014101429],[76.414030876199391,11.681614718831675],[76.413517038958545,11.67981130025257],[76.415681173004472,11.67581082570713],[76.41497936778201,11.674418708634949],[76.41672621192059,11.671742628203319],[76.41950516462505,11.67089704492836],[76.421027823404671,11.672483360841481],[76.422027409364048,11.671303534390562],[76.426131703201037,11.671144681101568],[76.42682393058594,11.669883459225705],[76.42818133438756,11.669982764987054],[76.429464785281766,11.666244440712688],[76.433394664019829,11.666802545422343],[76.435329359359002,11.664695923332417],[76.436480564768686,11.665436939592828],[76.439075846133505,11.664749396195907],[76.440158349288552,11.665847556087725],[76.440969704059896,11.664247388173848],[76.44376678656343,11.663586886730624],[76.446243306156148,11.664775084386591],[76.448045344582383,11.664313710078851],[76.449132409382429,11.665597127226825],[76.450503191793601,11.664145902062586],[76.451259972114826,11.664891505112578],[76.453309738946956,11.664565619859724],[76.453754757152197,11.665329345736779],[76.454098457071495,11.664746172745263],[76.455139721266761,11.665776465373217],[76.456670938296114,11.664456308367191],[76.45821172058659,11.664329351404467],[76.458560679243533,11.665979055430544],[76.459537456079502,11.665960723015436],[76.464463606891854,11.670185515605692],[76.468968684991154,11.676227454730382],[76.474432022055211,11.681224890368819],[76.482624219068526,11.686108291664908],[76.483093261817686,11.689715016634164],[76.481677112688047,11.692517913363655],[76.483186165584385,11.692996531583519],[76.488427484924244,11.691349359957712],[76.493596611156349,11.692979184429879],[76.494931767281656,11.694312017968517],[76.497041523608488,11.694713524952187],[76.499120136242709,11.697429196879728],[76.501519407009198,11.699156925310231],[76.504592241762225,11.699126681941689],[76.509909865798988,11.704385767635047],[76.511675323928543,11.704978588592608],[76.531230617296188,11.694784797373044],[76.537226073215393,11.690800204393124],[76.539740048962202,11.688432648000555],[76.550558261401193,11.674193534963841],[76.551402707412663,11.671875022966642],[76.550504429857753,11.670468505832572],[76.55080778553932,11.667883781302837],[76.549313723728446,11.664981488943173],[76.550062215294531,11.661095499358767],[76.552231909013756,11.659151565236717],[76.553039683998691,11.656548256236237],[76.554401868634315,11.655567838196514],[76.554907103607974,11.652761047044082],[76.553303388043616,11.648484704952438],[76.554257575843465,11.647119921419408],[76.553904952060165,11.645714125276896],[76.556166290108024,11.642971096314923],[76.557909795208673,11.638862954038487],[76.558730645172588,11.638510559297309],[76.558465066343672,11.637005394197937],[76.559584905278527,11.633168182783178],[76.561423654257183,11.632675950196569],[76.560919579008527,11.631622726927086],[76.561851130161571,11.628861228559991],[76.560746864420452,11.625959106814975],[76.559674282259408,11.62519499561003],[76.559954530576888,11.622469488138842],[76.562664188138683,11.622908566711766],[76.564654597890112,11.620581315331561],[76.56708954614642,11.619433796952196],[76.566997958411648,11.618755787121042],[76.569657340860203,11.618060262783347],[76.570170624738836,11.619000569567223],[76.571482050967589,11.618503679217197],[76.57521399132267,11.619186959424106],[76.57542093172313,11.616542802946963],[76.577085673437978,11.614441303162629],[76.577443087936715,11.615255042274743],[76.579084366554639,11.615734437732558],[76.580808514757535,11.614329049748145],[76.583788819443086,11.61375555193387],[76.590825700356007,11.61876485017579],[76.59228826543638,11.618656614405285],[76.593333925986641,11.616939154320599],[76.596465515949163,11.616252517001929],[76.597607849597068,11.610643362069029],[76.610646927387094,11.610848154278107],[76.6119031431585,11.610292264722476],[76.613984883726559,11.607553277732277],[76.630462903765377,11.613786891306264],[76.633479059315547,11.613091027236869],[76.635679755691825,11.614144163070323],[76.64099817743255,11.613316976335479],[76.6501999038571,11.613452214678968],[76.656426131582904,11.614568267939225],[76.659099224119345,11.614378518090881],[76.660912194144288,11.61538186061415],[76.667750878857774,11.615213847970004],[76.671471949597915,11.615906222268125],[76.684586086121527,11.613963565896348],[76.688537572935445,11.61518767212576],[76.692495037139238,11.614341725027392],[76.702710821382382,11.615843181470366],[76.705483912579609,11.614831490160913],[76.710231590602888,11.615159085299341],[76.721827464701846,11.614390707650919],[76.723461229810752,11.615355358335762],[76.732007101636242,11.614380778610657],[76.736839859100087,11.615310214968863],[76.741066660683927,11.613921450120863],[76.747072761639288,11.613783520317691],[76.748507769101693,11.614044769612798],[76.750645952615685,11.616291729582265],[76.753121702352175,11.616387835753429],[76.756917073647827,11.618437024339798],[76.76482331804155,11.614128354376845],[76.767088302351155,11.613912385148774],[76.770191485787763,11.615689937647053],[76.774763856684999,11.61234236836617],[76.786038114149335,11.611754364333637],[76.791525786574425,11.612736980816445],[76.796345762808357,11.608412885389564],[76.801751377725509,11.607542142045801],[76.809235062694469,11.608375777399942],[76.817569339948037,11.604721222081245],[76.819439786879798,11.605223305824843],[76.822839150255462,11.608075750794079],[76.825232099577292,11.607293061569926],[76.830778355633612,11.601695539054518],[76.83936613925701,11.59699165775811],[76.844601806397151,11.596147221846588],[76.846935572013123,11.594470661270455],[76.847962363450847,11.595555509761809],[76.853582868858666,11.596970958060695],[76.856470863563899,11.599281013878056],[76.857240498776832,11.605473421210261],[76.855667752631902,11.607584102154815],[76.855942660465047,11.60884069120193],[76.857735153393094,11.610156223225216],[76.857359049444881,11.611629716013143],[76.858124539831067,11.614029851395932],[76.856006191118567,11.615638801212352],[76.850531853285574,11.615959104409242],[76.848839705768043,11.618557942322385],[76.852112927711502,11.621668027967324],[76.84955461741049,11.621066603122546],[76.848605302072713,11.622829309267091],[76.849604615842566,11.624316537898736],[76.846683946715515,11.624664214164987],[76.845156882597706,11.626788382695889],[76.84275882994676,11.627050167963684],[76.842978825563208,11.627786996928441],[76.844844891411341,11.628153362762299],[76.845541242961701,11.632180749831855],[76.845128317968303,11.634146942974448],[76.844440512989578,11.634169420746989],[76.844188565196774,11.632569257835845],[76.841386859064471,11.634074011401783],[76.840519992001802,11.635420875590288],[76.838410827664759,11.635379847041595],[76.834627377012964,11.63950147331885],[76.837932875424585,11.641938258204533],[76.835653605207028,11.64412107796033],[76.833736068588038,11.648957138408795],[76.83625725870489,11.653879816970871],[76.835005099725308,11.65541638639217],[76.837779183560926,11.656207839379972],[76.838704898359552,11.660090709942665],[76.840548152389346,11.66060173438707],[76.841841094882824,11.662129705562872],[76.841413998965848,11.665948975594789],[76.843646931386118,11.668204758922569],[76.84402686305576,11.672806141878629],[76.845255853585826,11.673231226158927],[76.848543010195996,11.679690668433953],[76.849528689336424,11.682158685618237],[76.849248785073698,11.683171179596259],[76.850784849412292,11.685105909994345],[76.849982255011582,11.685679823588057],[76.850064689811958,11.686565789845963],[76.852233594810343,11.688970591386024],[76.851875771578179,11.689861013268303],[76.852760565420652,11.692369703108584],[76.853787814100841,11.693025195729287],[76.856103327746865,11.69744144437156],[76.863711252414532,11.705374635164683],[76.861165714360268,11.707218582324526],[76.862632999189117,11.711010990024088],[76.874213299196001,11.724110473791418],[76.879767652666331,11.726768347403747],[76.888349441831835,11.733643169137711],[76.888097247900674,11.741702273369444],[76.895811297739357,11.757749260984943],[76.897923710384475,11.770601948915578],[76.896610738155118,11.776467615150741],[76.898107800339019,11.777227859615708],[76.900376981577637,11.78391738782452],[76.906300293796392,11.791541310680669],[76.908003608271258,11.795245400198146],[76.912383533085162,11.793674226362191],[76.922175904503959,11.791775227895343],[76.932088235149195,11.792789023673418],[76.933219009276016,11.791758095364884],[76.942386649127101,11.78802500992634],[76.945150361912781,11.788302526618976],[76.950611383120005,11.791875912597446],[76.953939629569561,11.79205213579891],[76.956019301317539,11.79115439084446],[76.961177177947278,11.781622140066151],[76.965530607850255,11.778440132724846],[76.9699226994464,11.776859736257153],[76.972726280362679,11.78037570685291],[76.972861955614988,11.784308137894364],[76.975227603338723,11.787596557707531],[76.975330093027793,11.789245166383157],[76.979386429405025,11.792915007026396],[76.980892394791709,11.79541204867272],[76.98126993784102,11.796729949861698],[76.979951717653762,11.797902818136718],[76.980196695418243,11.798526545245366],[76.983645916190497,11.80168327742404],[76.983326768126233,11.803195730919432],[76.9821021065775,11.803460918264133],[76.982964589861567,11.807954822636454],[76.982148613258062,11.81150361809563],[76.982990637411532,11.811848921278001],[76.989882279607642,11.81086630020592],[76.993539080380827,11.809160323922359],[76.999014950739664,11.810161368029211],[77.012940239913689,11.814615034615587],[77.014010582574741,11.806210790969603],[77.0162187367645,11.806903566304323],[77.016888313129527,11.810713670086917],[77.029879935618027,11.804674974839717],[77.030647840675712,11.802013105425896],[77.03419425377183,11.799946667870765],[77.032672082777381,11.795889600977024],[77.035339739608048,11.793901055947913],[77.038749268319449,11.793846691820331],[77.035489624411525,11.783135551850508],[77.029186852138679,11.775971820915911],[77.028864763888478,11.774674733411166],[77.035101615989177,11.769779006639061],[77.040055787051855,11.780622304762311],[77.041533088096145,11.781820840017188],[77.042999682120566,11.78199049096145],[77.044404010319411,11.784174383008358],[77.044512603162531,11.786032893051106],[77.046468678405489,11.787616640788164],[77.05042703283975,11.789617260182162],[77.057788894578067,11.788851511754038],[77.062942566193968,11.790396713094969],[77.066919909216708,11.787980031910422],[77.069756567000084,11.782076409035051],[77.068748576402925,11.782055719650229],[77.067102060606857,11.778312344355802],[77.06359644270276,11.777606369992697],[77.061258866433377,11.77591800902524],[77.060000783962806,11.77350771693157],[77.059909435179847,11.771521848620361],[77.05642675216329,11.769775763307457],[77.059870836368731,11.764231222305117],[77.071094150373284,11.75130836420505],[77.082765028408588,11.739763348021127],[77.080217980286292,11.735981982900395],[77.105009832821125,11.732798240344978],[77.114821150607597,11.721748407070542],[77.117706434197302,11.721072082751135],[77.118139970136554,11.726114214561312],[77.116023976806716,11.725636171742158],[77.117387057960968,11.728466031354161],[77.116922920911549,11.728878443632009],[77.115350138833989,11.728166421322044],[77.11753879868381,11.731788475259336],[77.115955269162228,11.732259897617411],[77.114188925293789,11.73446988356582],[77.114836197388598,11.738930556099351],[77.111740319950215,11.743071744571083],[77.111380545577248,11.750397440728253],[77.108782863913945,11.751318728963097],[77.108546076988205,11.752599958685773],[77.109840429836694,11.755483151639504],[77.112455694225034,11.756933230710073],[77.112073590429048,11.760032721879879],[77.112631124420233,11.761861122588869],[77.11134180842555,11.763667419419978],[77.112660295412439,11.76558447537616],[77.111691401293115,11.767471149301018],[77.1118604372801,11.769445613406253],[77.110513736006766,11.771796391069676],[77.110746562260417,11.773472453211809],[77.113015739007437,11.774269067092366],[77.113166711670729,11.773477210855013],[77.114773986360234,11.773774699700775],[77.115650723212909,11.774719733832132],[77.12276489068131,11.772447618012677],[77.13058458599069,11.773700702150617],[77.13480054760403,11.772492398943296],[77.138078200038478,11.772641478997988],[77.140888010771249,11.774950174108829],[77.142485907947531,11.777526460364953],[77.144128537631659,11.777934731062112],[77.14481353537515,11.779616832403615],[77.147094664207032,11.781914793125624],[77.182016139972873,11.786320572939848],[77.189235766062353,11.792521524738074],[77.217524682743147,11.795328063179522],[77.229606325323587,11.795725451891679],[77.236108812847021,11.795459633611236],[77.238601694354301,11.794652747969049],[77.246287051104545,11.80030158702219],[77.247335562009226,11.803101453591905],[77.249595869689458,11.804180656926043],[77.249876035361979,11.813012677858749],[77.259493871307583,11.810413612400939],[77.261581399721024,11.810613329071902],[77.262338830422493,11.809696105943013],[77.273416166396728,11.805343462117291],[77.274431035394031,11.802998027766815],[77.287975527820805,11.800435621589497],[77.291676564333486,11.804586168250905],[77.293276208732976,11.809210578673843],[77.293854379721182,11.808998277280233],[77.312673948379555,11.79353644069205],[77.327698028063011,11.775351567246299],[77.3351488319976,11.771230779767873],[77.3501767501823,11.775472652369602],[77.359988963589075,11.779939357158701],[77.360424792927276,11.779469287163279],[77.364846414841764,11.790403376902518],[77.369039650875038,11.789513235702129],[77.369204972328333,11.786760622575111],[77.370255558341313,11.786656677915092],[77.376471814767456,11.786756344420766],[77.378660138647362,11.787655858983021],[77.388023657044457,11.788464998791508],[77.394455531596691,11.787633191433397],[77.395506034964669,11.786105374753026],[77.413658230825433,11.774673136397793],[77.415236306674956,11.775011984437343],[77.422227289965079,11.772376037630922],[77.422597426404835,11.761717868350983],[77.42724111275588,11.76087036880894],[77.428936485225293,11.762633927303284],[77.428047347130118,11.767009453971216],[77.431162991097992,11.7715606733725],[77.433806623384726,11.778136786838187],[77.439646205432439,11.78226231443646],[77.442203218566178,11.783288297563844],[77.43959797937643,11.785607544565005],[77.440502378949958,11.788834613832169],[77.446622759982461,11.790306835216846],[77.449803388976335,11.796010253200526],[77.450331817552325,11.799743630104363],[77.449795241256723,11.800557315577834],[77.45113547196506,11.802622609808031],[77.45107647331217,11.805307432207353],[77.452852648343068,11.808028009025591],[77.453059562692331,11.80967774702858],[77.452099195381649,11.813034054272059],[77.454044080311135,11.820231564230948],[77.456100783933906,11.824913693651562],[77.45696905506334,11.828976879326628],[77.460360639926961,11.831837122230525],[77.463341377600457,11.841603874655849],[77.466614660629347,11.84708104076803],[77.466243849554772,11.850019130314971],[77.461408380077131,11.853690633790974],[77.463052658169815,11.858847367841934],[77.459938092180252,11.863449552433314],[77.460374224250685,11.864172584666159],[77.462843259978754,11.864804718933485],[77.465856406172747,11.874196235568636],[77.460475334127494,11.881203585807853],[77.463142566953337,11.884371327090449],[77.462225730204693,11.887960387909175],[77.463976042738551,11.894025613311458],[77.461627960671905,11.899983508281512],[77.462651712210729,11.900846462310387],[77.465510673365984,11.899733762192637],[77.469820319381981,11.900116698425075],[77.473523872075788,11.899179957803568],[77.47477634636401,11.898004365187516],[77.474155572773469,11.894388637935208],[77.477215470888098,11.890455355164262],[77.478459257569227,11.89062665020132],[77.47955237611599,11.893157412674642],[77.480640147890156,11.893410212402665],[77.48409409829236,11.888012204296034],[77.485493425569985,11.886967639728566],[77.486200352087906,11.887410294636457],[77.48496425678222,11.89555108982945],[77.483070199429847,11.899574457326301],[77.484103580010185,11.901467972176457],[77.48769363416109,11.904006814585165],[77.490591359417479,11.908489535562016],[77.490886003237435,11.910681570127586],[77.488811689940135,11.911292558167236],[77.48860555802348,11.912336667152639],[77.491886080575242,11.92118536907687],[77.493202844593455,11.931304891574525],[77.492867168426287,11.941262376029409],[77.494800704040429,11.94384701042679],[77.496728547928981,11.943606640041674],[77.500410179034887,11.939977001964902],[77.50491722174975,11.941131703843025],[77.512313606642749,11.93781282310008],[77.514338033797358,11.937474727311885],[77.518340360764768,11.938222144260724],[77.522853162578883,11.936804776349865],[77.52824314681007,11.933783047279229],[77.53352185762536,11.933821145842568],[77.537983910015811,11.932385394599446],[77.542521591570051,11.938163291423853],[77.558177811227395,11.94154884022009],[77.561069589636588,11.941915728106137],[77.567960443111858,11.938441593169708],[77.575314372726226,11.93648163891598],[77.585963533008524,11.9368723797126],[77.588386663028956,11.939340590061981],[77.593578125870536,11.940222838684441],[77.603452010418223,11.937656730941757],[77.604356186311279,11.937900935915694],[77.606953876957704,11.942018808561295],[77.612531003618784,11.942407963797489],[77.617639868166634,11.944568807574797],[77.620049745341674,11.94480851619994],[77.624001930146562,11.947308237705673],[77.62885850105026,11.946372685615964],[77.634463335347945,11.947760378150273],[77.639439271691629,11.948045032938829],[77.642317569083389,11.9500247461458],[77.646035740960116,11.949920650153297],[77.647215464286774,11.950490050682658],[77.648712125822072,11.953667480419314],[77.652054096732556,11.954819867955869],[77.656194580997393,11.953463583432832],[77.657383175187462,11.949834038804891],[77.66907022918609,11.949073509807668],[77.67259603582788,11.9515498788827],[77.675690078008145,11.951978848627652],[77.674505980784389,11.953899976299965],[77.674020648884152,11.962533032197783],[77.674741893649369,11.96593639432548],[77.696369187152428,12.015767477407792],[77.701251862199953,12.022455812643873],[77.70890554255665,12.036018063971495],[77.714890887937315,12.042443645156858],[77.720358491998979,12.051789124665518],[77.727535227126893,12.062037856300574],[77.742707139861707,12.07002333291352],[77.75568705370884,12.079733695018014],[77.761793878265365,12.093472361173243],[77.764266268302734,12.100872478601673],[77.767754542433636,12.106636729322883],[77.772595028103822,12.108292993238436],[77.775414406792748,12.110567543868694],[77.776392045113056,12.112280954837138],[77.776169616858851,12.117316020808582],[77.773798210934132,12.120519785102278],[77.768188026270593,12.124671325731221],[77.757211628594959,12.130438621205315],[77.753231976901944,12.133966811029806],[77.74980753975008,12.138462531997547],[77.746785511014551,12.144527704646961],[77.746529469599011,12.147379831586898],[77.74751456034295,12.151908345931549],[77.746143335960653,12.157373463223797],[77.742741547133733,12.162880070598538],[77.738024858292832,12.166502376968582],[77.735430343190899,12.169585945839222],[77.734766330990766,12.174946790273626],[77.733343321427284,12.178079663039705],[77.730619678893177,12.180390267411848],[77.722029040423806,12.182937937126052],[77.711346882326183,12.182426061001733],[77.698639347554717,12.185132422736382],[77.690007094629806,12.188678047092901],[77.669952976666337,12.195339420364748],[77.665239216333276,12.198210221094199],[77.65607754219397,12.199549081927936],[77.64569341815816,12.198356670028351],[77.63998672838197,12.196399808915372],[77.637625078161264,12.19668916669556],[77.635373700633295,12.197435003246763],[77.629841676585983,12.202235140299534],[77.624378516490069,12.200323213619001],[77.62096009266071,12.19988470483854],[77.616879897927873,12.201651778626101],[77.612542145423248,12.205904769707061],[77.61075476301086,12.206144204154993],[77.6053420873356,12.205529015351733],[77.599415381281716,12.200244688179493],[77.596736717393881,12.199268105432918],[77.589077282429486,12.199520162280896],[77.580421101978672,12.198095045016112],[77.573859254679576,12.200887014071778],[77.569434842597786,12.199738043387816],[77.567519380188827,12.197441570078919],[77.565314175168112,12.196311040856717],[77.563278649328169,12.196586298306746],[77.560548852436042,12.198795846885147],[77.552948389175114,12.201474138000405],[77.548403361198496,12.204220874825443],[77.545889858863831,12.204649482109792],[77.540165492039506,12.202378727299022],[77.535852346187156,12.198616753835786],[77.528151462955535,12.198894284748542],[77.523070368028073,12.197459570696667],[77.518683683391629,12.194479246704423],[77.502914142159526,12.195991109280797],[77.496970633118238,12.197646637089768],[77.492711228977768,12.197332071050731],[77.490814273660291,12.198960013285484],[77.49001560489738,12.200808911129357],[77.488132119817607,12.201659444637485],[77.486446639596096,12.203807021890468],[77.475442775032292,12.205587356430181],[77.472769135421814,12.207147660085825],[77.471914901367029,12.208417961931033],[77.482624505691518,12.229436091564683],[77.482313446956383,12.233097296772529],[77.478492746763024,12.240059257611488],[77.47344332733077,12.243007977059538],[77.471118201711221,12.243510490184175],[77.473520442308043,12.255614168039987],[77.478200248119975,12.25921481299233],[77.47703478015859,12.264462805641038],[77.479059501062309,12.27127348997807],[77.485095491662079,12.275049846247287],[77.486163251666653,12.278656241846786],[77.487597947413676,12.280495234611655],[77.493278138685611,12.278874892438733],[77.496740463182917,12.282181905743499],[77.499981815595049,12.282567797035092],[77.508382062428126,12.275999833182549],[77.514187103354899,12.275383105950015],[77.521355875816141,12.277894564391266],[77.527224698924712,12.278769200677115],[77.531206631440227,12.286553800165965],[77.532836541878254,12.291458383081592],[77.54843664198313,12.290631855024152],[77.551336753164904,12.291206722959235],[77.552401281929434,12.297448952336653],[77.555043025957403,12.301589876516987],[77.557901553226372,12.303213240157316],[77.557905469881021,12.305730774932387],[77.566004559210043,12.30624351879408],[77.575189108049742,12.32543221669385],[77.578574976034901,12.335665802788698],[77.580262112749793,12.335991546392039],[77.582224751982537,12.337772685904303],[77.585543751174541,12.338035369265464],[77.591542738371146,12.340138070174671],[77.595656299228622,12.347126270932005],[77.598690186624196,12.349992155081571],[77.599507879908202,12.355081625631426],[77.600836207040714,12.358426382418157],[77.607617178590445,12.361053066192188],[77.613023872384247,12.361121251587015],[77.614499657072329,12.36250436310044],[77.616255607432947,12.368059372862866],[77.616807365256861,12.368199513962876],[77.618089444423632,12.381099096374738],[77.620310178620642,12.382174948395773],[77.620581466243195,12.383011051604553],[77.623082225975523,12.40218871137934],[77.623330328978909,12.412263374581007],[77.629616293772784,12.418324498060581],[77.629092038769613,12.425126828753296],[77.62608445494385,12.430763016248772],[77.62698117122676,12.433687363169348],[77.626981102954829,12.441117860069253],[77.629147247430325,12.446351791013351],[77.628935655553363,12.45006710458745],[77.627344362791106,12.454202710168856],[77.627174058382892,12.458451259942162],[77.629418501815209,12.460652420318134],[77.6305959577941,12.465108898397931],[77.629243702237346,12.466772235313131],[77.630435008441282,12.468119116164193],[77.630761555030205,12.470270508973236],[77.633144038080658,12.470451294360771],[77.632348396640253,12.471667144563375],[77.632399031977855,12.479120297310383],[77.634625411188125,12.487599319599573],[77.632573951031659,12.489429923955695],[77.629478278409167,12.494496608195606],[77.626088185647234,12.496308980182024],[77.616488840623418,12.48284428302868],[77.607423582663586,12.475123835196385],[77.604659274294875,12.47465352792301],[77.598403809101512,12.476176063747303],[77.595690181884507,12.474801707307464],[77.592796858372992,12.476582187273575],[77.588693885059485,12.477679827754999],[77.586371211840643,12.477114525647957],[77.583680123354114,12.478795449263622],[77.588752464199175,12.485630133103843],[77.591797533823382,12.48517865460215],[77.593140285204456,12.487655670058167],[77.596575768041063,12.490372322254494],[77.602403165340291,12.497148268049521],[77.610314773574572,12.5007105736263],[77.615066340404709,12.504163349768966],[77.615204171613712,12.507191605572277],[77.616326490797093,12.509180366250897],[77.612415996804515,12.514942851914928],[77.611155583205814,12.514264802566563],[77.606771587227001,12.51413338897744],[77.601278762065434,12.515665067124162],[77.593927515718832,12.516084526046859],[77.592147348574827,12.515189369190589],[77.589239937683033,12.515582167284819],[77.587202169648123,12.514754731944398],[77.588502146848597,12.526619330563241],[77.58662457178508,12.53020773085942],[77.585459518845312,12.536797358761634],[77.586396552416488,12.545719523409993],[77.58035001290034,12.551589646015801],[77.580752218297434,12.565709437331217],[77.579652206079231,12.567476458181968],[77.58032363117708,12.569279963099151],[77.579342834380199,12.573085410994333],[77.583796359063669,12.575879419394628],[77.584067376293333,12.57848284102332],[77.589173181179319,12.589326539278096],[77.589319904811319,12.592684732575043],[77.591422928265061,12.592092953618874],[77.59180750781799,12.605390093731094],[77.591019113985297,12.615243012177858],[77.592643033558687,12.619347163235675],[77.594074044416402,12.6210603379264],[77.595601784067284,12.622298946421799],[77.59822034796764,12.622733161627961],[77.600553383253313,12.624975215942902],[77.604621544154611,12.626756404340139],[77.606232122847729,12.628912464902315],[77.606043275415459,12.630611867636198],[77.603327441037791,12.63532117336692],[77.604744750790786,12.63759473366952],[77.600726231690402,12.643027042277573],[77.599644680749563,12.64269246307194],[77.596122772796093,12.650280663614708],[77.598873124938521,12.667157642135065],[77.623908377796241,12.673902786326471],[77.637883338415563,12.675706091657039],[77.643982619818686,12.678946472098845],[77.648364854201233,12.679366533360852],[77.659910111827188,12.683839990584636],[77.666450996040822,12.681588350193861],[77.676384321212552,12.679471564781624],[77.675094306328589,12.673089949399225],[77.677142357378514,12.671439895836766],[77.677361831972107,12.663521309222576],[77.678931142061089,12.662101831128975],[77.678654644209871,12.660388908848114],[77.68992533356591,12.658985805226635],[77.692187049804502,12.660842568714127],[77.701291380885934,12.660605252318938],[77.704228216094847,12.661404435958522],[77.708072858187194,12.665570512152039],[77.711014611672255,12.667119893402768],[77.712144649180559,12.674328489572275],[77.711590491058203,12.683137577947509],[77.722765868264275,12.679649204793115],[77.723288570978625,12.674012941840063],[77.724622415563644,12.671187648688274],[77.730059126562651,12.67259580439876],[77.73809586921773,12.672199435988444],[77.739928216801658,12.672989633173096],[77.741176715146466,12.675456874141291],[77.740584140570959,12.678290978725128],[77.741006273296009,12.68576639733746],[77.739318021771865,12.688456323917027],[77.73501991102242,12.691852359937185],[77.735181924878873,12.694021753580623],[77.737462187734849,12.697745072572753],[77.73988454340747,12.69987737840537],[77.746089951778274,12.699544792137564],[77.752351651279696,12.697597247964962],[77.759952299593593,12.69698158532503],[77.761751984433801,12.697583511243055],[77.763923902381649,12.69963641162755],[77.76612067761171,12.707994286717671],[77.765745217755565,12.713743182620226],[77.768374065569333,12.713540912855452],[77.769553069345434,12.712524472973637],[77.770319608065577,12.717871593147484],[77.77445125829793,12.724214398786438],[77.761199568144775,12.727372589745816],[77.761147516163931,12.730405279796635],[77.762415985854147,12.735314227646157],[77.764436023840304,12.737954612802888],[77.768353307299734,12.740030826595921],[77.776820306145012,12.74059017414902],[77.780056545346525,12.742019634580659],[77.783556111300527,12.741211902952822],[77.792743977618585,12.747863546097326],[77.793599674130675,12.75000163756866],[77.792826986442407,12.751287435219998],[77.794389085754574,12.757621572027444],[77.784501289896411,12.762381943612084],[77.782815507840965,12.763633283736528],[77.78306381296531,12.764550869942807],[77.781286071272532,12.765399913743126],[77.778844541060124,12.76800684920666],[77.78712479632749,12.778201757144711],[77.789537089970665,12.780164133094605],[77.789412330147343,12.781366324291493],[77.790434116172349,12.78285816483092],[77.791239965169297,12.782948829968387],[77.792919082623669,12.787984306379103],[77.798562684615746,12.795118147589964],[77.799478950934201,12.795683387076515],[77.800372762963818,12.794431708129121],[77.801348557042843,12.796104278969665],[77.80220969644725,12.796258202654709],[77.804029381378939,12.794233917052983],[77.806654414945996,12.794058389672879],[77.808537208323031,12.796725512112948],[77.807321036752029,12.798049446048889],[77.807279207599152,12.799387258412064],[77.805100825374495,12.799599073599202],[77.804151164185384,12.80283488937258],[77.803372879094596,12.802748791742442],[77.803395287569359,12.804805248381815],[77.799733844302793,12.805215452190403],[77.802161910565715,12.81700347267074],[77.809895201419508,12.815532223294285],[77.807963321400408,12.823043389060983],[77.80988158295979,12.831531832581051],[77.795897040011312,12.834533323584838],[77.792462777985193,12.842703748955531],[77.794893831146425,12.845619723406115],[77.796745787156411,12.844775137997464],[77.799106591164104,12.851537276023622],[77.807919495292623,12.84767100572803],[77.809402402722625,12.848719967690899],[77.811202530432269,12.852069507407606],[77.815545314400765,12.855790278624308],[77.823076692724783,12.855841725583547],[77.825788964384046,12.859937102848598],[77.828557157068033,12.861279993218458],[77.832463287044931,12.862044546429731],[77.831758084394039,12.8642228911334],[77.832158230852528,12.867522307622776],[77.836013441624189,12.870329680614597],[77.842605756184454,12.868690062157693],[77.847387315965292,12.869318925113031],[77.850948581806279,12.8661103863819],[77.857236310891395,12.868393421894913],[77.857480364289458,12.869482678951863],[77.875943671885963,12.86680343405496],[77.877265735964343,12.868615830751043],[77.882535672934196,12.868561589256389],[77.884751476278623,12.870224787166096],[77.890343885079318,12.869655142883198],[77.89491886288755,12.878573285131695],[77.908412042646958,12.878806070084972],[77.908758247967555,12.884839760269486],[77.921874031103044,12.884738540309838],[77.925090600793112,12.890089259680822],[77.929324578119477,12.890915584437435],[77.933355086135663,12.888035776007408],[77.936008508262319,12.887244280976617],[77.936104439351524,12.883605947225588],[77.934629599691107,12.880659452588997],[77.929018482576296,12.880529500616106],[77.927143698578348,12.881519651053297],[77.926889824797613,12.878857625291094],[77.927722899934196,12.874916341415929],[77.938870564113728,12.872545764270129],[77.941625394357899,12.872734951819382],[77.941777144063892,12.871636642332451],[77.94121429833443,12.868215402188357],[77.939440487669316,12.867045222220886],[77.936418500256337,12.866666242878336],[77.935593058104686,12.862747883407648],[77.93368596619753,12.862707606600228],[77.93336790778973,12.861713348920507],[77.931354901815624,12.861808665810651],[77.92696413792946,12.857515824709798],[77.924227910896562,12.857326477674214],[77.922813450599648,12.855564050429736],[77.924240636430866,12.851120989880016],[77.91990474793046,12.84240327156899],[77.919324224254524,12.841422594091995],[77.918227945434609,12.841237451257527],[77.917246493765887,12.838851211922981],[77.918074443115486,12.831348454374249],[77.920556513398338,12.828157197238504],[77.924038908954046,12.830285392604411],[77.92651227096853,12.830284964296032],[77.928515157420932,12.826777341242966],[77.93434073203845,12.823097186660938],[77.940678316723492,12.823344373955047],[77.942172524959759,12.831208237801686],[77.94660957903254,12.838709183882319],[77.94641678979275,12.839640880199671],[77.940577657800972,12.84525119282571],[77.93999455865513,12.85314264603514],[77.941156057859615,12.856057552569732],[77.943648545006496,12.857819621654492],[77.947508460255264,12.856923761038274],[77.952335996710673,12.857116812105158],[77.953339245101432,12.853884982113776],[77.952776187369565,12.850129306755164],[77.961583141057645,12.849516552830424],[77.962997474692131,12.850175978168645],[77.964199508577167,12.849583517960868],[77.964111556324355,12.848286407390155],[77.965350592714259,12.848182052994607],[77.965100669724123,12.844665844179312],[77.962574106783563,12.837371928125703],[77.964318273044256,12.832842674906129],[77.972696462643881,12.832817244682028],[77.974051360145864,12.834832528979257],[77.980393873886896,12.835056157865772],[77.979271467566946,12.827043232342856],[77.98679518865147,12.821824588604317],[77.98978419262221,12.8215476563176],[77.988521091264147,12.808192580168166],[77.992504500609982,12.80743160008908],[77.995202592362475,12.805857587213518],[77.996691081025318,12.80787270013905],[78.0064630813484,12.8085759512603],[78.009752757732926,12.805739117334277],[78.015312469653907,12.813791088108916],[78.013639818272978,12.815647906592678],[78.012772525408892,12.818820346264349],[78.005797852829389,12.822170765140209],[78.003848693715781,12.824004853331978],[78.003917010593156,12.825595761080187],[78.010620550958677,12.830909472169065],[78.01466499903141,12.82982201156484],[78.018297653988043,12.831052496115021],[78.019149629678253,12.843943372028498],[78.024332447133546,12.841744417027043],[78.028987870872072,12.845185704073],[78.029704896250394,12.848910178645374],[78.026682785768202,12.850029854199741],[78.02406996479742,12.85251465863829],[78.023865688800129,12.856500916239083],[78.030650207796924,12.858022134938956],[78.030730693253105,12.852449483567225],[78.03867694860962,12.85146700872542],[78.050469851098171,12.84873644890914],[78.051431462575536,12.852429324194475],[78.053333431390612,12.853853623073457],[78.05904601770834,12.851170484731849],[78.060387690212721,12.846416154595838],[78.060208763774426,12.843826401994992],[78.066865077010505,12.841961460413593],[78.068656676114841,12.842816050394685],[78.071203991036768,12.842400841101771],[78.076524575022361,12.839649482834231],[78.07726189334295,12.838103925739073],[78.075079033016621,12.836196176688933],[78.073859720935403,12.830514688133309],[78.077484576718732,12.83055608335216],[78.08164338841199,12.832211071077248],[78.086198637419926,12.831936226933301],[78.088129230153257,12.82787332081978],[78.08753089917343,12.824876679952144],[78.090174915040734,12.823503166826988],[78.090161997266947,12.817360880018017],[78.104730510727109,12.809078081829524],[78.109359467402413,12.804491085053048],[78.120357256659943,12.801712021966926],[78.121881737222964,12.799253377631739],[78.12499039229796,12.798186794667854],[78.125994338679703,12.795827575087191],[78.125952982040673,12.791678508213364],[78.127352933647416,12.789391560576963],[78.129853505631885,12.787533993330607],[78.131258073680883,12.783800711678021],[78.134237551018032,12.781965723017318],[78.135724966194104,12.783086572267671],[78.136300555424185,12.781852646300138],[78.136765677925496,12.782313699378014],[78.14514673225257,12.780930282686574],[78.150842881197192,12.778493735288393],[78.153992486872738,12.77612520997563],[78.167663549228052,12.770080790111821],[78.171633464081694,12.773786324864759],[78.177399207308042,12.775945758331247],[78.182390609945983,12.774254382913297],[78.184255928395785,12.776220071296429],[78.1866823013344,12.774325824673145],[78.18741875367904,12.772662396960893],[78.188961177191544,12.771911806170584],[78.191075044209128,12.772932808777128],[78.192083878324325,12.77428390596218],[78.195164403554529,12.773844827897332],[78.202885939054497,12.77100890107096],[78.212862657346022,12.765030959226296],[78.218186126720312,12.766376098177149],[78.223886636985668,12.765881451376794],[78.227781351171927,12.763755832424435],[78.23095281106167,12.760658589901167],[78.238981927019992,12.768375045934366],[78.245640321652587,12.788263258000509],[78.246558328906048,12.801663683323705],[78.250561549697167,12.81220795340478],[78.252335329819516,12.828937772309931],[78.251355695442612,12.857201147428228],[78.252197978310903,12.860551001385124],[78.253662753246871,12.862201675400623],[78.255570304193157,12.86216209387098],[78.258137154777557,12.860396207089378],[78.262689080917269,12.86189486758753],[78.265273074950542,12.862008235897431],[78.268396707636271,12.867692629927667],[78.2717143773217,12.866962096125533],[78.282096582556036,12.85931473396902],[78.295656538582094,12.85944281312338],[78.299338002601374,12.858879323908754],[78.299748032324629,12.85940381618283],[78.308686715864312,12.857789091603358],[78.312446419551563,12.858518184292388],[78.314432191301194,12.86228409457158],[78.315593227873293,12.86755488838668],[78.313626853445584,12.87645324827534],[78.325725715831723,12.874971072820594],[78.331020127401501,12.875578321060962],[78.332241466980335,12.880704411563354],[78.337079903593391,12.882364584785508],[78.337992564972581,12.88621138967145],[78.334518297373592,12.889211784572534],[78.331785689652961,12.888844904770695],[78.330877737242446,12.88535968491284],[78.32918196142947,12.884590786662232],[78.321693979818519,12.8855603045983],[78.320330015620357,12.887259404099408],[78.320597292265177,12.889144353652592],[78.323159409626371,12.890804033092563],[78.324071855409898,12.892910662856684],[78.324196300822848,12.894289319022585],[78.322500536687954,12.897488981179317],[78.3235328527647,12.901783356386598],[78.326307129738112,12.904496240852188],[78.329491408586975,12.902146760212565],[78.331062832411817,12.901866970039405],[78.331993747557604,12.902617561760195],[78.339731170661679,12.903184630268225],[78.339772733014925,12.904278494178728],[78.344069784650642,12.90849883268662],[78.341966994758849,12.911895317288279],[78.346598764957633,12.914043425792221],[78.347055544804888,12.918902577702665],[78.347843693397508,12.919553639904013],[78.347927112751435,12.923644296937518],[78.34888111459999,12.923644505320819],[78.349047661355357,12.928991752404816],[78.351075515582792,12.928829461143188],[78.353845601017056,12.930249317207126],[78.352813520298952,12.932477489951022],[78.349707531423718,12.935713193232964],[78.352648425221105,12.938715110874904],[78.355875009329949,12.940740720680749],[78.356372508910709,12.938874040764784],[78.358566306225626,12.938350120424934],[78.360262179056662,12.936931128191098],[78.372666156923955,12.921257480833082],[78.37672102365741,12.917935727300595],[78.377093669990074,12.915101697615361],[78.378250121560981,12.913845249965325],[78.383088810600611,12.912792539873772],[78.385632351700039,12.911436732109429],[78.385756235665923,12.909371079305215],[78.388695732583017,12.906858139336071],[78.393700706968275,12.907708184309728],[78.396399532644367,12.907313695398127],[78.397217216945208,12.90863945086071],[78.397218534773714,12.91289281509699],[78.398667000795712,12.917308941655008],[78.408904430843947,12.909267849235148],[78.41221106742104,12.903233522036777],[78.428653105441128,12.902075458090339],[78.430391635671725,12.904787327163682],[78.431511648879777,12.905194023642833],[78.433700330289128,12.904542910898693],[78.435896180254488,12.909446915881579],[78.43602104068907,12.910378030604651],[78.434947939301807,12.911838128263426],[78.438838372117431,12.913659241250263],[78.44557971089516,12.9117960372238],[78.446485761572177,12.908188902225259],[78.445866990326351,12.905716532870009],[78.444378059692411,12.904866989864075],[78.443962384057599,12.903004791207422],[78.449231858395137,12.898244354820456],[78.447242638911433,12.892210412319766],[78.448817534724853,12.890099294069731],[78.455889534375473,12.887467361393588],[78.464113894669239,12.877702342842419],[78.462045806696864,12.87105831387581],[78.464771117402449,12.866763658832806],[78.46506465359964,12.872395583765462],[78.468086834150441,12.879324123587015],[78.46945567260731,12.889637497222107],[78.468508910281642,12.891758684337246],[78.468348389425188,12.900834977065561],[78.466696691248259,12.905409653136038],[78.463388226599577,12.906020611113277],[78.46160998544353,12.907074168427322],[78.461734893488824,12.907923909703667],[78.45925140566446,12.908733518783379],[78.459251856618707,12.909547126776351],[78.455778467572074,12.912097121398892],[78.452296063931541,12.917669059620584],[78.447629196554615,12.918295537910025],[78.444528268787707,12.91963395107606],[78.444611607293226,12.920402345847725],[78.440539445295627,12.924312758118297],[78.438016084849053,12.929013924611443],[78.429744182117233,12.931080479615717],[78.42818222204393,12.932093108758588],[78.422818514433104,12.92334724112696],[78.420389041408441,12.921643334778754],[78.418817515175675,12.921724779137804],[78.418112897328058,12.923017546631444],[78.417888982362044,12.927894682750122],[78.415737363644652,12.929680189570796],[78.415204145251565,12.933364043848403],[78.413093290285147,12.933404792573754],[78.413799472099669,12.936121314601426],[78.413551788609524,12.939321508289224],[78.411163058674589,12.94526801030646],[78.413762588172418,12.948352532896358],[78.420381099403045,12.947742035710618],[78.421499316878794,12.954630498383347],[78.419062377057529,12.958074899908025],[78.419265428651073,12.958680572625008],[78.429156567140424,12.957463973070084],[78.429696591170114,12.959127293730539],[78.4345786652447,12.960785644846096],[78.437972689034311,12.963985423725505],[78.436442541898501,12.964392412395728],[78.434825590556727,12.9664989323878],[78.432715028441109,12.967796407606244],[78.432549853413192,12.969495955890439],[78.433836823008335,12.971480108928025],[78.434744893098141,12.971439327912933],[78.434580045955315,12.973830440430705],[78.432475307617679,12.977961967819773],[78.435330141014177,12.981039788831369],[78.43636284156986,12.981283750206902],[78.442861417828553,12.978851125103397],[78.449789402267783,12.978022871623208],[78.452688241435141,12.976765795713321],[78.459722891831206,12.977248064709825],[78.467461254573081,12.975022485237551],[78.468495767030703,12.978299250838655],[78.468581371087382,12.982715288208601],[78.469327965411594,12.982394184215075],[78.474814620943775,12.991441847345113],[78.471874184388895,12.992617819126462],[78.470138687768994,12.996713389165125],[78.467701049956716,12.998535550857085],[78.468255860255965,13.004618074917758],[78.463613206069212,13.005320041158933],[78.464539785945448,13.011788349385155],[78.463448841321664,13.016341449593911],[78.46481585530023,13.020419934886398],[78.463241400559625,13.024252168248504],[78.461413984726619,13.025694796577655],[78.462195865773481,13.043214097001576],[78.464801823615502,13.044655293356273],[78.469255715709934,13.042882137355967],[78.473121897606148,13.042921971101739],[78.475770497576349,13.045805085174649],[78.477957443440602,13.050089186829686],[78.478494557827062,13.054536816633252],[78.487361471365446,13.052356655926689],[78.498061090017231,13.061199924029591],[78.514251568316723,13.06185540872103],[78.515677161434965,13.065510336961379],[78.515120822203087,13.069965887375801],[78.51076573401015,13.078033252628224],[78.508617280057521,13.079023941430513],[78.509470437032292,13.091495113111792],[78.516071757203292,13.096551611613375],[78.520451422404108,13.095982944366277],[78.521990370334791,13.094570780409716],[78.523390055141931,13.094693620812144],[78.52284825873619,13.097722788565862],[78.524482143321009,13.101201146060921],[78.532463270378557,13.105673643357411],[78.538505956122137,13.105730185758411],[78.53825564505982,13.108012329143506],[78.537451569337193,13.108609769664355],[78.532849839699807,13.109504676175845],[78.530381943035536,13.111704460362002],[78.526833633595857,13.112219288808328],[78.52526653875239,13.114446549015577],[78.522619074252688,13.114961683181081],[78.523033388939822,13.118412366254514],[78.518528212924139,13.11982327269185],[78.518927796138939,13.12510788762691],[78.516602014749211,13.130394713334514],[78.517045016236622,13.131590358088969],[78.521508119655991,13.131809625030584],[78.5215642975989,13.130125149389873],[78.523338340029326,13.130451919294853],[78.52336560659316,13.131511534584583],[78.526081266697645,13.134066559939507],[78.526668331007158,13.138940297677836],[78.531255445953192,13.141373746134521],[78.539516929126037,13.14115941630728],[78.544645359879098,13.142003409722619],[78.546266563845393,13.143742777781986],[78.548358081677023,13.148538834092797],[78.540870923821174,13.153481177716147],[78.541396878436871,13.15573641224138],[78.543004666064419,13.15638902266549],[78.547647048959973,13.160832726127111],[78.550113494845078,13.164188910751976],[78.568204920575184,13.161762212341696],[78.568730746731788,13.165620380721851],[78.573374032434188,13.168895339714489],[78.576493581378656,13.167116412570119],[78.577228096057226,13.168135413087565],[78.578489799636699,13.167279833291433],[78.579765166591656,13.16736159215691],[78.578821657065603,13.171423217279209],[78.57732435772644,13.17181687329991],[78.576478119575981,13.174547212564494],[78.57542325129404,13.180279712361125],[78.576059586400262,13.186691795401474],[78.567462469281054,13.192476908614907],[78.567295898271198,13.193264777607604],[78.566491808175527,13.193101565780479],[78.566464407762737,13.191824604304797],[78.560586458669206,13.190057089679202],[78.559754477680613,13.190518742387244],[78.55581761274459,13.188642962073867],[78.549758671087645,13.189693957429158],[78.550060295715625,13.200181376379968],[78.560528558655875,13.198771608566664],[78.563855507938186,13.200891683989841],[78.567792943304426,13.201517555418368],[78.569746856302501,13.205729247594935],[78.569475681867658,13.209030245232405],[78.570640191326689,13.209736915227882],[78.571117996243146,13.212039615298647],[78.576262171768192,13.211510936581037],[78.57870216855639,13.212992156388133],[78.579464233666442,13.21562771821846],[78.578548607846784,13.218018429127135],[78.576440801762459,13.219009674673144],[78.566401496946767,13.220854901737489],[78.568726869603012,13.237401490716758],[78.570362171729386,13.241477248388081],[78.571748884863808,13.241450394577374],[78.571942754776856,13.242591543385],[78.570500575165227,13.242591213725611],[78.570138937686337,13.247101208790454],[78.579059509393275,13.253659532176838],[78.585295732673259,13.262202573900897],[78.585701373227991,13.264340374066105],[78.58518436762914,13.265691620381171],[78.586895731907248,13.268073693579719],[78.587638043064189,13.271251035154581],[78.587364196141408,13.280642532256547],[78.578647954330691,13.280351693860524],[78.577433603644792,13.284143315956973],[78.576335215580585,13.284988236573541],[78.577551206590186,13.29528391823812],[78.575705069866643,13.296779489974371],[78.571495038032523,13.30336799939302],[78.569536979309405,13.309224813614941],[78.565549080183771,13.312003334845278],[78.56320545465924,13.309385945673544],[78.564918192461391,13.306914220102104],[78.564355625209672,13.305305134567064],[78.565099462604309,13.302015129614666],[78.564810668613489,13.294734141392377],[78.561637615112417,13.28851447731779],[78.56102844865363,13.288753848623507],[78.55934031480875,13.286195349348697],[78.557831378693407,13.286348592434312],[78.556387839930764,13.283835338005344],[78.553596351236507,13.283305739861664],[78.545330575913198,13.287890438173623],[78.53932266305597,13.287870303847232],[78.536389192936113,13.2724125417159],[78.5320858944159,13.268284622790668],[78.532178711046001,13.266937843909984],[78.526668993963852,13.268418081357424],[78.526510768302956,13.271617828220608],[78.521960686404526,13.27300343938291],[78.521645533148359,13.276162438206166],[78.51979483118653,13.27711074508764],[78.51993072023788,13.282769220608001],[78.513354197161988,13.285233954221129],[78.513997672976387,13.290585334051684],[78.504846858570602,13.291367410199431],[78.502029942163901,13.295401924665585],[78.501019189247245,13.295731339082753],[78.498784456603133,13.299560829046847],[78.496735429982778,13.298612894038088],[78.479309943339118,13.301290302686835],[78.481239773402734,13.310180346607916],[78.483631435438738,13.313040195319832],[78.483401612253076,13.321171050326958],[78.476897499677293,13.322637674184152],[78.470153914213057,13.319833590740807],[78.469479135704233,13.317086000607489],[78.466663342191652,13.315121018667089],[78.464332880579306,13.315293547678857],[78.46384341732707,13.314448570975356],[78.457719278641719,13.313835885907997],[78.45263259888813,13.310077209398189],[78.444205658616312,13.308111015772127],[78.440013936244327,13.321808531118013],[78.44123766983337,13.324895026374753],[78.440384732945816,13.328429447576363],[78.435239216236056,13.330111870430063],[78.427947460819141,13.331292946808031],[78.421757979578331,13.328266017898342],[78.418876956698043,13.320574360812737],[78.401104198433515,13.315469505045325],[78.399267845261718,13.320689634575301],[78.392160944265626,13.325295421139694],[78.38713355511743,13.331792155750843],[78.377147946199543,13.331970970808314],[78.37825090758686,13.337186432358727],[78.383027790738296,13.34358595829652],[78.387684743409451,13.342799464619011],[78.388423108267361,13.339098005311188],[78.386152328925832,13.337579539621487],[78.384869233764491,13.334885974386362],[78.39442278267515,13.333818996038781],[78.398959707847922,13.335730419058253],[78.403491932136802,13.336064470724274],[78.407290482570204,13.337523864724893],[78.407290766437825,13.340217460870695],[78.408683405758154,13.342883023646417],[78.40839905483476,13.345685874804792],[78.404476110192405,13.347878227296919],[78.402823691566624,13.347146234200814],[78.4001283836932,13.349053677145898],[78.393205160324968,13.350739902687224],[78.394857728071088,13.354328251680203],[78.377636639595565,13.363146159600838],[78.376104240383327,13.361125950897002],[78.374451772350184,13.361907789386807],[78.370833017025944,13.36151449973617],[78.369670003261902,13.358260454239337],[78.365811242348244,13.358653467763833],[78.365077128318262,13.361798964418446],[78.369055338215233,13.373188160813633],[78.371017048589991,13.375154191946672],[78.372364803587161,13.378462462750001],[78.378779087329491,13.383645163913199],[78.381675471401181,13.396983211226702],[78.381061454039866,13.408819610722837],[78.379219340870463,13.414825937601377],[78.380752100307149,13.418866304418508],[78.377441716857007,13.424027484170292],[78.377506220385982,13.431877724153699],[78.375603831159324,13.437377837842273],[78.37640256460098,13.43945226325703],[78.378974372089104,13.440071441313862],[78.378360226268711,13.443718611409029],[78.375728336759408,13.443885804394156],[78.374989442793819,13.448206354750617],[78.372846814415794,13.452138200042382],[78.374564237830498,13.461949884787195],[78.372356926260451,13.463350851262755],[78.370823567647477,13.469524317038609],[78.374623832964772,13.476877494870282],[78.378789188884895,13.482038700402203],[78.377685245638972,13.495678250005819],[78.378054647256832,13.500166015157818],[78.374845623415155,13.502699983786183],[78.37471757935117,13.503576811626811],[78.376846148196677,13.505242194697619],[78.375316320861074,13.508954048296454],[78.381808146280434,13.51372099538572],[78.383277217858421,13.513924675572351],[78.383647595046696,13.514965520429634],[78.385524091233577,13.51556251239851],[78.384109921092502,13.524900976695733],[78.393635315903822,13.540625012172352],[78.393130528291138,13.552560299005235],[78.396402762087789,13.557219220053232],[78.398718723094817,13.563120340645821],[78.400827708667137,13.56492619929878],[78.402190261612006,13.570153576063223],[78.406672208991083,13.576855157991002],[78.401550544348723,13.578503076615814],[78.401185371999205,13.580371177799583],[78.402001414179722,13.587970970011758],[78.399590468907789,13.588510662012412],[78.396168923432811,13.588174969913204],[78.393460448053972,13.590660268737363],[78.389465392948793,13.590682860052652],[78.384290942402046,13.591860843148439],[78.365310566324638,13.589508231044928],[78.364930195378832,13.588084670043957],[78.363369110264614,13.587941831395488],[78.361243451062293,13.588989159432431],[78.354984401590954,13.587093602793788],[78.349857082053902,13.587418992100728],[78.348627000969046,13.586867233817941],[78.346566015077315,13.590499646196012],[78.331119363392631,13.594477009163572],[78.32617100173492,13.594837540339064],[78.314958574413268,13.591418357115328],[78.307734801700434,13.592222871401452],[78.293137145994123,13.590019961702506],[78.270475122641145,13.58814861848415],[78.26103399429509,13.584955380591936],[78.258604898562837,13.583005823324536],[78.258627888247588,13.585070326355371],[78.258036174258137,13.585693890433673],[78.249290654555693,13.590878644667473],[78.24369353498966,13.596841340977212],[78.242113645441606,13.595651897313301],[78.237658908930811,13.598597906032888],[78.236340103041968,13.598581764430142],[78.234389159874226,13.597121960721728],[78.235269318409806,13.595505459760622],[78.235085469203781,13.591064124082271],[78.232579004271045,13.58598316086584],[78.226219741441568,13.587441166347924],[78.222089683922235,13.589560114568195],[78.22132154081099,13.591278856818578],[78.219225379587655,13.592462717652225],[78.216211220992378,13.590623382885555],[78.214079593383318,13.583230219086662],[78.210623080985926,13.578717447869334],[78.207842549043164,13.576992522164572],[78.202921656070188,13.56878332038673],[78.197201073848134,13.567006826120467],[78.192972014797959,13.564846535582022],[78.19108692532707,13.567547729853171],[78.18960538782791,13.575212124057364],[78.190255730364342,13.590136346603629],[78.199008014380908,13.599237884290526],[78.203334292704355,13.606509235274949],[78.203765706822963,13.618275997612034],[78.202322377367722,13.619426966397482],[78.204196657410833,13.628421535117111],[78.195641131390971,13.628423962992764],[78.189171542868166,13.630517494034923],[78.17505482001215,13.630612010962272],[78.168223814996054,13.632851692704142],[78.16760681792293,13.637407935157723],[78.168728228011247,13.64020697376519],[78.167999004409666,13.644020429408833],[78.169066948568897,13.653943030075157],[78.16757823083563,13.655825034738038],[78.157169248619297,13.657712192906928],[78.156126453694768,13.658616708370698],[78.154237346059617,13.65784720214495],[78.1477241407365,13.657616860180674],[78.146504084850221,13.656712546890059],[78.141821000187477,13.658444659322493],[78.138475825884697,13.65780980040814],[78.133910725951324,13.659503273385299],[78.130545882137113,13.659137702025463],[78.129699750886147,13.657713755423369],[78.125567549088245,13.655847197333323],[78.121297610404412,13.655885581417536],[78.116948879588719,13.657444050093721],[78.114292455292372,13.657362122622919],[78.110012821091743,13.655264385592274],[78.108468359301838,13.653109093264812],[78.104946250125735,13.652541116371076],[78.104090471866968,13.650992002011352],[78.102250689825723,13.651059158078548],[78.101601796271837,13.647306783192048],[78.098946053796766,13.642798896101104],[78.09291263776862,13.643465303408279],[78.087108711651126,13.643066246318048],[78.086895435432993,13.651168255330276],[78.089742985289192,13.659099093260112],[78.078549047991046,13.667272712410831],[78.077742007828007,13.66836937122404],[78.077012815667501,13.673353038757314],[78.073647719426674,13.673602457306394],[78.066444608863691,13.676390902912543],[78.065716557563562,13.676140564718697],[78.067309611023774,13.67970083713101],[78.070379180400778,13.681202501802215],[78.07123985807111,13.682375296683226],[78.073585360176253,13.687726459356053],[78.070889049782977,13.688457053665481],[78.069609267608413,13.690804335285053],[78.069076123775503,13.697808478368016],[78.072677517360219,13.698482816220343],[78.080136876849622,13.696637129808421],[78.085884404936905,13.692193185190158],[78.089761445668302,13.691885954574429],[78.09210327635887,13.692559806688694],[78.092418374817825,13.69117439163246],[78.098302708238052,13.691232926171747],[78.099266920338152,13.692098958278278],[78.107453793935107,13.692831032339752],[78.113220101303426,13.692735261727858],[78.114710215916944,13.703418553677693],[78.120799844024035,13.715617975875251],[78.11585432104259,13.722531817569209],[78.111012130369957,13.725802724983142],[78.10683862134033,13.73339834212457],[78.104328631418454,13.736544240703077],[78.098324893930638,13.737794319220445],[78.094309066182817,13.739823860254317],[78.091523369825509,13.742276859588072],[78.096659209883072,13.751200091238648],[78.099881303313822,13.758459108375527],[78.106645081109008,13.761786052291306],[78.113802163793451,13.763431644687365],[78.119192822659429,13.772506744640527],[78.12215635939188,13.781319541425564],[78.126401030263352,13.786376754290936],[78.126488861243615,13.788451124077257],[78.12268761676269,13.798777707386002],[78.119899093407156,13.801543439993051],[78.119103624443298,13.803622295912843],[78.114858246597677,13.807553892416315],[78.1137530196592,13.807467957433181],[78.114788170818997,13.811989908672597],[78.125401428134339,13.831609470709669],[78.122201034407553,13.83894959808651],[78.123634466224956,13.845353767887195],[78.116543750175381,13.851874858094273],[78.116811646657709,13.858825555179267],[78.114776209750985,13.862888292978496],[78.112588317960743,13.86329940884904],[78.109891756039204,13.861956978960166],[78.107005416030731,13.862367990077397],[78.101852696628981,13.861698612346149],[78.098605544693385,13.862217946042636],[78.09400279277321,13.864806883877366],[78.089936961203421,13.864697800711117],[78.085094522595796,13.86206222507264],[78.081905986630815,13.861240944104345],[78.082789299151372,13.862138745945435],[78.082614816678785,13.864289779066745],[78.080537276632981,13.867538746585328],[78.080038829329624,13.869902107335982],[78.080901536294192,13.873151782925664],[78.080382850845751,13.876053065292263],[78.079332681651053,13.876617764774331],[78.078998649400887,13.881155063750416],[78.072521627319091,13.884497920847],[78.068191548223652,13.885296791138488],[78.064434781129037,13.88708998140328],[78.064300755183581,13.886638016818482],[78.061827429101726,13.888420893398893],[78.062245626307515,13.89080424397465],[78.060649296691452,13.891960738093134],[78.053154011777238,13.895140093747557],[78.048865250693282,13.896092289414961],[78.048525605769186,13.892862155952322],[78.049984050277374,13.889414184106865],[78.05110170720441,13.881275111688618],[78.050393387399495,13.877965931938457],[78.050833501701604,13.875986625249094],[78.050108655590421,13.871864798946437],[78.04624817440299,13.866345464316471],[78.046886774162076,13.865577399854786],[78.045874741146136,13.862879040349076],[78.046192774401135,13.862133164173429],[78.041328856176747,13.860265296878707],[78.035573810987103,13.862721658377374],[78.032724327058105,13.863149882600043],[78.031849646449132,13.864252243739578],[78.021229628412968,13.86382749443376],[78.016719202642747,13.864955283996832],[78.014289231951466,13.868126695086165],[78.01380246634001,13.870304763417721],[78.011576703374047,13.871944203288159],[78.00702523717176,13.871553313158952],[78.000483776239705,13.872928339392463],[77.998322714432049,13.869080467754459],[77.992064079084059,13.868816796072993],[77.990766263230128,13.863403304269262],[77.989512355230701,13.862599442267145],[77.988846687435512,13.853773596635493],[77.987223330207485,13.854072589592141],[77.982978803066402,13.847272909185593],[77.978455974257088,13.838059965914827],[77.976102832878752,13.829492341385937],[77.969646277114109,13.828884701193793],[77.960540140418914,13.829452797697007],[77.952982427982377,13.827353716341035],[77.952419409776354,13.829082796004686],[77.956140910809538,13.831224599407166],[77.956250453171918,13.835930321797688],[77.953679817985204,13.838561340678092],[77.954795674688427,13.842239698319128],[77.953525747930826,13.848300446054816],[77.95415704079339,13.8551650422694],[77.952931784559908,13.856607063843041],[77.949064663924233,13.870703823923424],[77.948124111652078,13.880845339835165],[77.949078772864084,13.886448963779099],[77.949661913332463,13.887302938754397],[77.951581893368981,13.887880844271042],[77.952134628559946,13.889830500072382],[77.967006263241359,13.893959936341082],[77.971549470332931,13.894378580307643],[77.974658872806245,13.895579584853905],[77.984587806114533,13.89740132130699],[77.98661724317347,13.903002967355402],[77.983097459735689,13.904866424239893],[77.984025465238233,13.910817891144411],[77.983759393234237,13.915757550628927],[77.982740031762205,13.922613691770911],[77.980248560609922,13.927857067984965],[77.98752580464172,13.955498159676866],[77.984259199688651,13.956181997721133],[77.982621791911257,13.957687606141128],[77.972960384979416,13.959205465526335],[77.972035269357093,13.960118706621484],[77.967430961554882,13.960156575108307],[77.964217779411726,13.955561651119467],[77.961950149563592,13.95496589202615],[77.960001497998164,13.940514000807042],[77.957339623622985,13.936723218962353],[77.954508510241553,13.938540850017183],[77.946202965602311,13.935344362260379],[77.944284958266138,13.930092794499219],[77.937133506221883,13.918660880242598],[77.926766999945428,13.905326781901817],[77.915418934202421,13.907854994931116],[77.909654968742032,13.911805617674876],[77.905399154269432,13.916438354289642],[77.899680704647878,13.916588037109141],[77.895817804297408,13.920361912113442],[77.895350923793103,13.925631400020221],[77.898909382398841,13.930642994217163],[77.89569453927075,13.941042035818295],[77.877810866916391,13.937151511223002],[77.871855917829976,13.937056500114004],[77.86860780200206,13.93601243204523],[77.864045592847319,13.936152288381807],[77.854846958423963,13.9381761664162],[77.845250767385124,13.936340198758081],[77.838824980715586,13.935888204839754],[77.830799885616472,13.940387004390109],[77.828642975822063,13.943730812038677],[77.826588313171627,13.944724612353987],[77.824104394155924,13.940945967878559],[77.816975697336119,13.934648932731635],[77.81484339958385,13.931927788228595],[77.813259276275858,13.920679507279605],[77.813492449279209,13.914623194867595],[77.817028765311534,13.90831071382785],[77.816176458142976,13.902983836587406],[77.819987143019276,13.8997835975951],[77.826824877315161,13.899206694939917],[77.8305354377665,13.897652836807426],[77.831956071286058,13.895669156741334],[77.83553935124138,13.880968634691619],[77.831940931978579,13.878283516369457],[77.828129611095065,13.876542828917019],[77.827329796081855,13.874441197300422],[77.833746145949348,13.87214216371942],[77.837072444851373,13.869740977379726],[77.830231922184822,13.865584013284334],[77.826429913237575,13.864579941121873],[77.822248367879396,13.864741697370668],[77.820194989819797,13.863209174706514],[77.814853946703607,13.857775653623143],[77.81203026059292,13.848975850056478],[77.808084442148456,13.85059263959352],[77.793006609973361,13.848942777053571],[77.7884697252248,13.847657662350221],[77.782268747344972,13.844080533034761],[77.782201452750414,13.838942081131567],[77.783612853385463,13.837040015943412],[77.784261407376192,13.834391965631911],[77.789086716908002,13.830471045109473],[77.78875648093819,13.823163232387246],[77.781968936415524,13.819278563598729],[77.781534617145326,13.818293185841119],[77.769788551917372,13.817122250909925],[77.763508268967669,13.81721879411028],[77.74792862979001,13.810386101001573],[77.745139960907423,13.810129809994157],[77.740724708048319,13.812423073012502],[77.731575356099796,13.807573295368968],[77.731135002845818,13.805187307178832],[77.729293245409281,13.802209858078324],[77.725815143800659,13.800656592652224],[77.719308669553953,13.800274866629202],[77.722278628342352,13.793939542114526],[77.721935810568667,13.789997117975979],[77.719512079575324,13.788090870385174],[77.718682861804538,13.784096135187717],[77.720146850714642,13.779445290329633],[77.719738243922819,13.775002998280167],[77.722223391833865,13.768851371278279],[77.719993355582062,13.765096667762181],[77.719487849317176,13.761079217578489],[77.720100801276573,13.755972218600908],[77.719526322364175,13.752890279614393],[77.718356183163266,13.751724720659997],[77.717362738985514,13.741074236287625],[77.715144617089337,13.743759489897009],[77.70845867741518,13.741018503020145],[77.703294545816107,13.769788583937839],[77.695184921045382,13.770699187002849],[77.682907690074785,13.764560362629821],[77.679619839965227,13.762179369028894],[77.674889669208525,13.760467440537367],[77.671718199437294,13.760480765851906],[77.677606837584378,13.766690633188514],[77.679873754170174,13.772334983200773],[77.681459231239316,13.779596277609793],[77.680078253847981,13.786777671299307],[77.67275362098998,13.78545034440072],[77.669844887778083,13.783914262779312],[77.661346312252306,13.785379682925781],[77.651293712370403,13.78407462769203],[77.64599431155753,13.778764854805882],[77.621072259002034,13.768438519084491],[77.617502716982315,13.76193101396313],[77.618843903498131,13.754962108133171],[77.625205935833662,13.752982805055469],[77.629644473024939,13.754203141165828],[77.635913842342276,13.749482214381125],[77.640005585816397,13.749025572738674],[77.641878039584526,13.747832359081709],[77.642233982642836,13.746801929422904],[77.641428752585071,13.741948322764499],[77.63697203259413,13.739413163692722],[77.633587966629449,13.739580461460678],[77.632298134103465,13.738753446262155],[77.630832639616955,13.736087059866673],[77.627716777358415,13.734600203740666],[77.624429840835504,13.735228346404307],[77.62060175469388,13.74115758659917],[77.618632078957532,13.74566778822085],[77.615081246150226,13.749142962849625],[77.613606210657082,13.751915609882046],[77.609385150206194,13.751820360744954],[77.60273244640095,13.750312443771493],[77.599972300825257,13.750759543111984],[77.596024418052252,13.74819207185304],[77.595169556973374,13.745376420579232],[77.586845493564553,13.733493843088883],[77.580548722936115,13.735083481643247],[77.577122367881117,13.738309573623459],[77.571681097932043,13.738204419132359],[77.564847047627111,13.726176821589618],[77.560567482596724,13.722406553081726],[77.558902960070796,13.72353139595522],[77.553753575215396,13.736540993678251],[77.54928634224072,13.740638605448597],[77.549743199343069,13.743020431579801],[77.549297342111345,13.748868277942922],[77.54744186380718,13.752900684027431],[77.541217745325639,13.755935437160451],[77.527265316250265,13.753810392144732],[77.525199049162993,13.752987001197939],[77.521952944663013,13.744560028701555],[77.527104472000346,13.74152072062591],[77.531197600676663,13.737527308770503],[77.536637041655823,13.730601300237526],[77.535741369215259,13.72773119691904],[77.535712336563606,13.719524099624833],[77.534367670872683,13.707000543033766],[77.528336904874593,13.693010836256137],[77.525236354400121,13.691002970340842],[77.521256205040416,13.692126577613472],[77.521222923357485,13.694115067837071],[77.519631884818423,13.696265568672288],[77.512369915739683,13.697247457013919],[77.51451078162313,13.705017179194872],[77.514168557635855,13.713210850894654],[77.493612562601271,13.714830110264247],[77.485039871572937,13.714782506965623],[77.484723115722304,13.712096031408759],[77.485708507401839,13.710501636133552],[77.485668417387345,13.709068364564073],[77.486693494839514,13.708052408079993],[77.486520780251439,13.704099688931807],[77.488269444376755,13.704150343756268],[77.487886149414692,13.699767087914381],[77.491216856349808,13.69518935978774],[77.492114874291602,13.68980929058084],[77.487828700355649,13.689168475579581],[77.487880137888808,13.686661799654184],[77.483978847136342,13.686644197756204],[77.482088699252103,13.685931557621696],[77.480504753810521,13.686462462686567],[77.474243504365063,13.686114652064971],[77.464836179623106,13.683669270424835],[77.461253804271252,13.683824735847987],[77.455334070940609,13.682261569586936],[77.456089447194998,13.690716479197553],[77.454663107576778,13.691038282582024],[77.454592263738519,13.695640263868663],[77.453001569254212,13.69601352789886],[77.452501174403309,13.704051034421948],[77.450736336111291,13.704832466575549],[77.450074213068191,13.710900078878108],[77.458587550609053,13.710891029676075],[77.461663760332598,13.709649554219272],[77.46507610526244,13.710876010216593],[77.464973329909128,13.717521878831652],[77.463357996433203,13.722921369181329],[77.464644048848456,13.734130137341063],[77.466671207779839,13.739965411407571],[77.468283695392927,13.7519023661009],[77.467649119188039,13.753168537296933],[77.470551422259106,13.758020722980985],[77.465148832867854,13.758681600707607],[77.463787594158248,13.771495204016531],[77.460433919996277,13.780467203218294],[77.461384573823779,13.788393780254134],[77.456487418832182,13.788718895614048],[77.460871746289314,13.80300491362282],[77.464631331398976,13.803184440174292],[77.464590845227434,13.806076807590591],[77.464227129047003,13.8079224531539],[77.459870041204226,13.808288363970457],[77.457464996965399,13.807222577285446],[77.455781873024875,13.80767502868196],[77.454788335422336,13.809853619577735],[77.452508257619328,13.809203490056262],[77.445331642865654,13.811022330792561],[77.44058574440497,13.806567483675888],[77.437027154645193,13.796702726225828],[77.430155709271631,13.796857906424952],[77.422567746966152,13.799091894704777],[77.42361332307479,13.801618002213772],[77.42549107869975,13.803221993205609],[77.428274987409623,13.803474542352831],[77.428650271195977,13.806805212177315],[77.419665525641804,13.809595223879379],[77.418504298626843,13.806237614390902],[77.416113518736424,13.806680913155564],[77.416428320751336,13.808755150404252],[77.423636013620595,13.823735527255845],[77.427369126277128,13.828339947227072],[77.427404192912562,13.832202521275288],[77.431317966654191,13.836648913565105],[77.432519959216734,13.843216487090675],[77.429167018080022,13.844803478148155],[77.426830579976084,13.841116190168878],[77.419698815409575,13.841605497162135],[77.41554261242392,13.839726693612606],[77.408829695443458,13.839681831894906],[77.39938081822973,13.8410521980772],[77.394912942061296,13.840749750032236],[77.388132566992908,13.839037228423239],[77.381898027155756,13.839362786008316],[77.379743266131513,13.840037451024864],[77.379400506748325,13.840836035581415],[77.381185866154723,13.847285067760248],[77.376893586369775,13.850688115295515],[77.373641996756689,13.852626829789559],[77.362430404868277,13.854246004632948],[77.357319463415479,13.851297321673099],[77.353282267441983,13.845516674019239],[77.345549619781949,13.841095840151835],[77.336842122172186,13.832747326387111],[77.325381457099922,13.833237755266149],[77.325528628991222,13.836889385978075],[77.324677630668049,13.83684852558134],[77.324686208680703,13.83988546929141],[77.32306912798154,13.839998545859741],[77.325142817848047,13.845381039428137],[77.321650443806206,13.847016179947767],[77.321449379286022,13.855919209046434],[77.319071526152541,13.857215666857023],[77.316461189023528,13.86326636579421],[77.311495029943387,13.866582830849874],[77.310549667192888,13.862880631148995],[77.303579593089339,13.862033474575234],[77.296384107426476,13.857005644652411],[77.294917703844902,13.857402894719099],[77.290157037080931,13.848245054128039],[77.288284182664214,13.847476156162536],[77.283366902715315,13.84909218685133],[77.280271833760679,13.851047741890163],[77.268344746324871,13.847820418592722],[77.256694559185505,13.846522347102766],[77.256150667010218,13.85166954089364],[77.258243597891763,13.856207966022639],[77.259114230692106,13.863136462857355],[77.254771459300002,13.864312692899198],[77.249877918230794,13.867381742789707],[77.246360143425946,13.867913592794231],[77.248109448948384,13.869978131130827],[77.248680190869194,13.873521185083099],[77.247414212207303,13.876418661353343],[77.246824075659489,13.880314567723447],[77.244719849361573,13.881445387848927],[77.244720824033649,13.883271215570996],[77.247781069796289,13.888322267666622],[77.247199655889887,13.893122435977451],[77.248266817616482,13.897419337223766],[77.248268755282552,13.901211006857064],[77.245137627952417,13.903011196401705],[77.236467045710967,13.90101762661174],[77.235621870267479,13.904136340675439],[77.230648262357008,13.903333942732894],[77.229531003383627,13.897870606705004],[77.229889121263241,13.891611324593336],[77.227939728587657,13.88741367866233],[77.226660777354709,13.882162767884486],[77.224833818764168,13.88291818032787],[77.224014350409178,13.881219329961162],[77.219850484794122,13.867717255279583],[77.218264172291796,13.868341526613326],[77.215405386308007,13.867913175916003],[77.217030285943352,13.883739138638154],[77.21555089272276,13.886171041429982],[77.213126894929786,13.886189960803733],[77.21019822810176,13.884943627298362],[77.20990904424211,13.878069888814899],[77.203698355574105,13.869092045223924],[77.200430770559038,13.863037152202391],[77.181389138362434,13.869843484113275],[77.185678633369974,13.876165021047566],[77.185346481293664,13.879925146338476],[77.186555462749112,13.886595332977762],[77.185301870956636,13.886785434112902],[77.185839828861162,13.892325954145383],[77.190836539644138,13.911866111980574],[77.188084306429474,13.913909504365668],[77.184709638639305,13.925185884397534],[77.169921769163153,13.920610770292859],[77.161934183218747,13.906624852179766],[77.162045418007111,13.899055942252293],[77.164066570802518,13.894712414317302],[77.168756723409942,13.889573160385238],[77.168755311258295,13.880516106142927],[77.169754218989624,13.87933181992728],[77.171357957011864,13.871110684839797],[77.168579873876595,13.864490562177259],[77.147640344029753,13.868479019384074],[77.136038999190703,13.856517011128503],[77.128199001057567,13.85645838801447],[77.132167387876905,13.846204017093745],[77.145196526706641,13.846194509113975],[77.15601459092359,13.844354210978743],[77.155898708251939,13.842108129011077],[77.15450648395327,13.841448458394471],[77.15367783212109,13.834136304644529],[77.165485128315467,13.833113481689089],[77.168684986646298,13.829619536397429],[77.16870704657471,13.823342239221873],[77.167721632437278,13.821209281751207],[77.162652363830503,13.816844366881289],[77.159521517673056,13.816858330134831],[77.162785838210368,13.81237474721115],[77.162577208078901,13.808659899140819],[77.157517765244719,13.806030289752764],[77.162100342800215,13.804755287896906],[77.162853248687625,13.798455221465334],[77.165155497810161,13.79446885291037],[77.175590003858645,13.783602640088056],[77.178507503729392,13.782684708999374],[77.178858745005485,13.781590933097529],[77.173052152688243,13.762009767359555],[77.157850235324631,13.763986967221175],[77.154202432077355,13.7656775937274],[77.15111392711249,13.766206649221608],[77.140872608257411,13.765036835901434],[77.139827503764295,13.761100543086272],[77.136840620715958,13.758298628165512],[77.122327572834706,13.761295001158768],[77.12013600244336,13.76216716064449],[77.117879613214399,13.764499042117249],[77.105959749131785,13.767761160253224],[77.101849294648574,13.768208151218616],[77.09572320841572,13.766508126879646],[77.090442994718984,13.767140056133632],[77.090221831292652,13.762358556138988],[77.085468854107532,13.762335168095742],[77.08383322768934,13.756635991114729],[77.083964774284595,13.745770840790128],[77.085634363308756,13.742435861252233],[77.075888759980245,13.742836139802492],[77.069780955361722,13.745216468043493],[77.064700433559381,13.74383225991887],[77.062494744346736,13.745345620815458],[77.059913861179254,13.749326487034894],[77.060199490405324,13.752829737858038],[77.057494798730445,13.752964546730237],[77.058973013361395,13.757163433652613],[77.058038133950248,13.760299581820517],[77.05183677159151,13.764179816587612],[77.050301035138006,13.766316972976137],[77.050180114714237,13.768418420984617],[77.049098088564605,13.768693752151151],[77.04860747187557,13.770184968873414],[77.04724321033504,13.770984440093498],[77.04405753730083,13.770843257568757],[77.043370696214382,13.777793741763602],[77.037539638280379,13.778862718213647],[77.024472495324247,13.779223564582832],[77.023876469421424,13.767902404841923],[77.021493094343882,13.762622799420074],[77.017353515580851,13.756099562754423],[77.018658970707961,13.752575072973324],[77.018683916923393,13.748674215293969],[77.016577060358287,13.745862237299248],[77.016501983658443,13.73850924529685],[77.001237692671367,13.745136168003935],[76.998503301794884,13.745573542636315],[76.996868203586089,13.74774809406377],[76.997473153352942,13.753559491670229],[76.998389325348256,13.755050422689003],[76.994503499093412,13.759991874119411],[76.992904353258922,13.770753092307872],[76.985201104763192,13.790795115929686],[76.986829806068826,13.793049539149935],[76.987763654214035,13.792570084389789],[76.989188837700496,13.794625732294955],[76.991689722298659,13.802668948377422],[76.989743103620668,13.812937663926647],[76.983496662004356,13.815760432203472],[76.976407866552833,13.817317975166215],[76.978021246193009,13.826866589742931],[76.982892029342807,13.828898259861367],[76.986792303202378,13.83229056411753],[76.988898014415469,13.835258802423395],[76.990374485416439,13.837612684027802],[76.992230834188135,13.849007519682949],[76.996795031314619,13.848948559748838],[77.006540075890996,13.85205745370023],[77.014223243446878,13.860308891737242],[77.013148561024721,13.863485444814087],[77.013186209418279,13.871516231635082],[77.018472869425466,13.872535531401111],[77.016251404898114,13.884406672013998],[77.01820312600691,13.88526623398581],[77.020315676992581,13.888430648184055],[77.020628461391368,13.892353562877842],[77.023245158592587,13.895929463260993],[77.023029366193342,13.902595297401856],[77.028173392598077,13.903433557020579],[77.032220735940996,13.905179656318014],[77.044137947298552,13.905654080270143],[77.047292830576382,13.906599690193838],[77.044217942274614,13.914755927207906],[77.044198106574797,13.918389415788994],[77.041663698646857,13.928086865257701],[77.041657064588506,13.933433166053131],[77.03704264714608,13.93695197163213],[77.024372650275353,13.939952142573336],[77.023020374955649,13.942450753332203],[77.021113357608684,13.943941238584904],[77.017094363299492,13.949430320369419],[77.014213547929998,13.95487016116946],[77.006272209951362,13.956457055747892],[77.003244821866858,13.958471092758657],[76.993765868159116,13.96256409336187],[76.996179314340793,13.976762371196294],[77.000330068145956,13.989417515139142],[76.999530157013012,13.989511844805902],[76.999492670316201,13.990338845773707],[76.996371375945159,13.990505247156332],[76.98968134444489,13.994882993283447],[76.981974310448564,14.001632095724274],[76.96538566378085,14.011495016216962],[76.955860711838966,14.012759083587712],[76.949941592057627,14.015092808593625],[76.947832000122546,14.018518996998042],[76.946850708353921,14.018424368965087],[76.946152397577933,14.020521489001254],[76.943778682982952,14.023301462279187],[76.943085257245471,14.02647866781053],[76.94421071065085,14.028841926859817],[76.943465724311011,14.029741453427635],[76.940156049631625,14.029502789690261],[76.935023485729928,14.032803066338909],[76.931134634847538,14.030200854800094],[76.932427984277865,14.038452690197506],[76.934396791343346,14.044643592017449],[76.932384717820483,14.053924811114848],[76.940613575080562,14.053072631039365],[76.950312498353625,14.053562650307562],[76.958600521353219,14.057044512618782],[76.971739516955665,14.058016026383498],[76.973602277003579,14.062069177402336],[76.976455534755075,14.065276817669988],[76.977570137410154,14.071288751136885],[76.975256439259311,14.074001211158713],[76.974967642573574,14.080906679839311],[76.973445492240387,14.083519383135378],[76.959410446006643,14.091631918649977],[76.948400291439228,14.092051093295204],[76.950526145575949,14.094287531376715],[76.953528264051499,14.099655346045035],[76.951030200163359,14.107108303048493],[76.946841473672791,14.112979928403133],[76.945690019429819,14.118213520976912],[76.944259811665972,14.120744622089921],[76.936583126353185,14.124280626871503],[76.93586645221616,14.1288452314325],[76.931120415414924,14.13102455161888],[76.924981107777668,14.137108575366044],[76.919353404169485,14.13150576542399],[76.917570102803438,14.128839757185087],[76.912842032307879,14.128813357267992],[76.908317944958824,14.130924434983308],[76.90479887837661,14.133640860267413],[76.897120853675716,14.135313670973762],[76.889516869917188,14.135621402878112],[76.88591403812967,14.138238190041415],[76.890517541939715,14.142824921589046],[76.893028836215407,14.162777033988753],[76.894534366817524,14.167811338162839],[76.898373927140284,14.167553454059819],[76.899661685456266,14.169229930222363],[76.900541564615793,14.167571316367697],[76.909661222752618,14.167963537733575],[76.919748266737443,14.164459663360422],[76.921921409987362,14.169421335366563],[76.94237118732444,14.173330466415235],[76.942081395305351,14.180674198930427],[76.942985538859034,14.184094949670932],[76.944667697110617,14.186566489923946],[76.942478039232526,14.191090726396087],[76.942706179873667,14.195402019566359],[76.947566194918153,14.198175404613911],[76.951140515076858,14.192660964792514],[76.95735523268894,14.188112797364521],[76.957488942427403,14.18640448060232],[76.959762449054111,14.183949803257901],[76.959025453228733,14.18261689695896],[76.960604660057143,14.181771253796153],[76.970646841278381,14.182409352327552],[76.981335702604639,14.178839434915814],[76.98377203875809,14.178815770362027],[76.985935573627685,14.179809050673441],[76.988575339565401,14.179111876277716],[76.996436178613138,14.180274147113996],[77.005460418598773,14.183968536945718],[77.01227109384169,14.18067298919218],[77.023329194190808,14.176687659225516],[77.026035010556399,14.17478627076912],[77.020406583804373,14.157163460984252],[77.021830863585677,14.151949021574728],[77.020716001317481,14.149214362388756],[77.020104421983859,14.130903273428922],[77.025856125440598,14.1299378498999],[77.026219574821425,14.125016602641042],[77.021811898353391,14.123247661954547],[77.024058026126866,14.112605943177353],[77.01635698479177,14.104237381598319],[77.01467369466296,14.100002111986944],[77.019115841285043,14.096388826631689],[77.018422144256334,14.094630554654019],[77.022960524699869,14.092707413673494],[77.029801138096261,14.088173015577176],[77.028884357941479,14.077810136367701],[77.025441090304611,14.065727168168829],[77.027683616732119,14.06174644799311],[77.031523852587966,14.056455891287964],[77.03476024629974,14.055697912423188],[77.045707369676933,14.056689125036703],[77.055480854016878,14.054107345277666],[77.060892546935222,14.053756466256004],[77.067415740625989,14.052018274363508],[77.076123137624421,14.053272185763072],[77.07531524316353,14.04348337265713],[77.07892157838063,14.042639036163129],[77.095118720382942,14.042443019056682],[77.102372200382206,14.045241330429509],[77.127401935787461,14.047014347357655],[77.131836640765712,14.043918671402396],[77.136395672579326,14.022904167303295],[77.140362192699499,14.017955432636679],[77.141731996845323,14.013196603923822],[77.14107427105553,14.003855361385826],[77.149222702148194,14.001162941189648],[77.157379442657245,14.00094691529184],[77.158721775423373,14.002037119592249],[77.15964730157576,14.001068660756641],[77.172832519991161,14.001083567328427],[77.170946838530483,14.012000253355595],[77.174001865081365,14.012984869684294],[77.184040883334447,14.012255231324303],[77.193454428909732,14.009627268171922],[77.198698421635896,14.009530943835536],[77.204668644777101,14.008250204158031],[77.209973787621294,14.011036831607667],[77.215722255346378,14.010876703110119],[77.219819458780833,14.013573152928689],[77.245354088698249,14.011944362028476],[77.248166516223435,14.017569430856637],[77.256787412646545,14.022382712027669],[77.260590213907875,14.028856331374561],[77.263120971082486,14.02872633077067],[77.270357767570331,14.034482642259551],[77.277324205293596,14.034652876752533],[77.276862439796545,14.031968221326645],[77.278760100291507,14.032411956360258],[77.279309055371755,14.026021950274254],[77.274997528283563,14.011283746708125],[77.281879683371969,14.012913625672036],[77.288885761053791,14.017146377270914],[77.29208782834192,14.020012936047893],[77.295471367893867,14.02041176560768],[77.295938355297679,14.021926067390178],[77.29827132859954,14.021605862953608],[77.298500631660673,14.023611291258273],[77.301356042673916,14.025306890577085],[77.301417039179995,14.027409904588785],[77.306575355085954,14.03200309915781],[77.310805778677036,14.032526980625025],[77.322230511137974,14.029994571907833],[77.32152089596245,14.0263760607052],[77.322683554891938,14.023009347016895],[77.327763025665391,14.015413237396624],[77.334202836833157,14.008779983925837],[77.336855736140336,14.004468943968149],[77.336978403787313,14.002678546617275],[77.335584009158907,13.998071912032936],[77.336220376604501,13.995367688194193],[77.339587777922333,13.995699760964003],[77.348178590664887,13.994472651059397],[77.361091043729118,13.990812066932165],[77.359990815915197,13.98855245440766],[77.359338585120014,13.983834254763476],[77.355951524172156,13.979079695195813],[77.354273770360422,13.972518758605524],[77.352124957081671,13.968751628678278],[77.352268259929048,13.965452941885776],[77.353853051583627,13.962794728716005],[77.349487910344308,13.958140156273039],[77.371286540419874,13.952751392656801],[77.367453083251121,13.949682772259731],[77.364186719046543,13.942863005173562],[77.355206784869011,13.930759656208885],[77.351501424764876,13.924441392021304],[77.347838800213708,13.915963662094455],[77.350156455443368,13.913409672765155],[77.352933062646642,13.913900524951913],[77.354445239883546,13.904110737189999],[77.357632951195086,13.903374392049274],[77.36849131383569,13.902950269013781],[77.387168521979419,13.906246952975136],[77.397876243435093,13.906183236955339],[77.39994152237557,13.896464156846664],[77.399835256169027,13.891929637666388],[77.39874265235693,13.888125901211115],[77.40001940631069,13.888288522685142],[77.405464579439681,13.88944945326638],[77.410568188843143,13.896313956980357],[77.420506136745303,13.89933143541384],[77.422829197138029,13.902824630587046],[77.428409475089126,13.905928441587658],[77.428351201376643,13.909082335589977],[77.430223771027414,13.909240762971848],[77.432273642962471,13.910537401317477],[77.435041437692789,13.915006558869701],[77.434901577189578,13.91966874637191],[77.425560717897199,13.921229882870721],[77.421318417679743,13.923164827432258],[77.415878488915368,13.924196887094423],[77.414884762666617,13.936628822346353],[77.413117844774717,13.940696366988558],[77.412085827836961,13.945558782829609],[77.419269420703785,13.944833494773905],[77.42495660805514,13.945975915759334],[77.430717511158733,13.945084443412272],[77.434169804169244,13.946312983006129],[77.435363861014565,13.947514811029308],[77.43758402118813,13.955507833169611],[77.435308644269014,13.957662129769888],[77.435749263424285,13.961842343279814],[77.43475033862498,13.964382396042868],[77.437881360852231,13.975521624138191],[77.436465912408494,13.978116014303312],[77.434018294313418,13.980163799232685],[77.431838667023783,13.98052582134196],[77.429140326438002,13.979089269195017],[77.427659548913539,13.979677070839848],[77.42657244458762,13.981796814712565],[77.425888390075158,13.986112831799604],[77.410264125289146,13.983891860572488],[77.395690830096726,13.983730593908472],[77.390613869216196,13.98069394795267],[77.386550581675294,13.979433232919213],[77.381643165228184,13.976233715396857],[77.380076312031534,13.982244274696939],[77.379674015904598,13.989842008359153],[77.387648630176287,14.005710021210676],[77.390157796343047,14.016696192734662],[77.387949894579862,14.015720167719875],[77.384913564665013,14.016027495068954],[77.358632137404157,14.022823783865103],[77.346981228917642,14.026975704861517],[77.338172397750569,14.028470290415671],[77.332302634105929,14.03068820386693],[77.335087342316427,14.045401670226902],[77.340504900335247,14.060191208604575],[77.345930674345695,14.059672273768335],[77.354772565311819,14.062380301126456],[77.360544944393155,14.062559848377651],[77.3636605847678,14.07300578477215],[77.373609710407038,14.077005717976942],[77.375619027000269,14.079351197869157],[77.377952453053069,14.084042197807999],[77.377975560417113,14.086943521239212],[77.380392563028991,14.093184574183612],[77.381267718846772,14.09783939140129],[77.386180281742128,14.097559054027565],[77.388810389892214,14.099479670174551],[77.397609362049025,14.109552643939411],[77.400920419235618,14.118712556568656],[77.40102850363229,14.120184947685607],[77.397244045070721,14.123177921942098],[77.397364650185835,14.125437497412046],[77.390613135292597,14.126640050359766],[77.382101693196987,14.123499454635947],[77.37566037914776,14.118677445425179],[77.371965181684402,14.118700034236532],[77.361680828137324,14.115332696306433],[77.353550143263092,14.109691971110326],[77.352666004292473,14.107084318258854],[77.349781740290609,14.103125115404699],[77.347466564411107,14.103635562388908],[77.34954927875296,14.111589600214698],[77.349595173680825,14.114640063430452],[77.351483791734154,14.12036615784216],[77.35136912538141,14.129979480632922],[77.35171478811958,14.131104375193217],[77.356687741158197,14.130204989814294],[77.360568335624848,14.130829007612551],[77.378943605628521,14.135841475945],[77.380958117179034,14.138580107054475],[77.383347904431048,14.144125129391808],[77.385066379772965,14.153262859593472],[77.388044328177472,14.153633335631339],[77.389257923380214,14.157167297009487],[77.389248764157585,14.159648404370014],[77.394876079693589,14.160768799659326],[77.39533495800535,14.165852840592098],[77.394737755309492,14.168700001814464],[77.391620877954722,14.172821720914058],[77.393719175371814,14.174245151224637],[77.407850519207329,14.173516205057949],[77.415377476921847,14.17610917657837],[77.420356749608516,14.176948989771939],[77.422766868430386,14.176436151044006],[77.42260399039462,14.172978918242196],[77.430195095006937,14.17046465113043],[77.445753842066011,14.171703608716781],[77.456823269272519,14.169621309092944],[77.467000160955422,14.171642496656565],[77.466909945846382,14.166033975162389],[77.468086101064742,14.164885585706728],[77.480832413412088,14.164735923046068],[77.488130570223703,14.161673101206938],[77.490057690070131,14.162359179356516],[77.497210040429692,14.159980363016992],[77.499614036334549,14.159800182612381],[77.49992489833862,14.158824207364116],[77.503505956760293,14.157117859836989],[77.510648620586124,14.173047069131298],[77.511551194783024,14.174245094611795],[77.512834070755417,14.174494275389732],[77.514338317664979,14.176646126758415],[77.513434501996386,14.177847792103474],[77.513674538128512,14.179470290197358],[77.515054447422955,14.180252768065586],[77.515196694749903,14.182937222918111],[77.517031011440935,14.182811551582802],[77.517071917125705,14.184402317624029],[77.517029422321187,14.186042757693],[77.515787496949329,14.187140330902336],[77.514319050598758,14.187320398148561],[77.50464834520541,14.19397682006977],[77.5013302874478,14.204766832181749],[77.50328196992902,14.210538834414026],[77.497224654222705,14.218382131232506],[77.494485153728917,14.224240314895781],[77.496091262405173,14.230326805737826],[77.495920700180491,14.23199452162317],[77.494197394597322,14.23229810732014],[77.49278835742976,14.231006354324606],[77.492622226594378,14.232357644379665],[77.493725234694082,14.233012355953081],[77.492373317802205,14.234843263210767],[77.496604498673051,14.237145988678744],[77.496986129955246,14.240467397810072],[77.501180750292363,14.251151345411699],[77.503295378182955,14.259065958328513],[77.502205206110347,14.261401775676573],[77.503862709200646,14.263748086803369],[77.501399312197606,14.269029650661306],[77.498281498798306,14.278848272207494],[77.492752896433913,14.278150530155402],[77.49076191355735,14.281301283035774],[77.48712446069878,14.28172318619375],[77.48425934428721,14.289004826372844],[77.481813772554361,14.291608889574592],[77.478926878285336,14.292161518250072],[77.474500269822727,14.289641611316535],[77.466059098440198,14.283092108231555],[77.459649458987883,14.280504883150252],[77.456234084938899,14.279868822773455],[77.450279811385585,14.280706768730724],[77.450627982220055,14.282789933301812],[77.448125582163996,14.282609985683234],[77.446576182334994,14.292959201791598],[77.445181979946028,14.295228265811231],[77.446686737997013,14.306597945931877],[77.446221793362156,14.317466537129713],[77.438055226182186,14.316379651196977],[77.43152881113285,14.312856249117869],[77.430551173710811,14.31377839837641],[77.430186149583335,14.319106465897574],[77.428300895720753,14.32415478104782],[77.429270041368369,14.326463794571445],[77.428399211837018,14.328642224424746],[77.423082920900143,14.328177834221599],[77.416474169865126,14.33242690597754],[77.412131793731746,14.33651288519984],[77.407761064073043,14.337598033882122],[77.402356586423053,14.337372695113165],[77.398713339430927,14.336234194304442],[77.394171013586671,14.336586992033221],[77.392803561230238,14.335832366139774],[77.391473226363061,14.334268904899057],[77.389086189752405,14.333125673625911],[77.385554276363337,14.327901617883935],[77.379037651153951,14.322718312427384],[77.378050505962946,14.317037785600188],[77.378351793722729,14.311696139796766],[77.377031058252655,14.307601765833109],[77.377072841591485,14.304795468747583],[77.377819027182213,14.301392492963593],[77.380312274303847,14.299286613899167],[77.38240237818718,14.299010872126152],[77.385136451060077,14.292679527999846],[77.385882415665264,14.286542535182068],[77.3854004847867,14.285855606410966],[77.386637694901651,14.281670830297186],[77.388101968577686,14.281833518233814],[77.388773894037172,14.280843751594588],[77.389283528060801,14.277373035722357],[77.387082354679066,14.273075397648313],[77.387364900887064,14.270865538789183],[77.38870862604189,14.269514242578211],[77.395784082409747,14.266115525911138],[77.399375081588332,14.265853102192727],[77.405384959061109,14.266688514584969],[77.406936476219244,14.259688216024283],[77.408831519023494,14.259850698696157],[77.40908131894443,14.256294100582847],[77.408205451660947,14.254933908582039],[77.409724771402665,14.251829030774649],[77.409004361172364,14.244336160591459],[77.409669770252762,14.231917369303659],[77.411476721565322,14.232382646892377],[77.412124614395978,14.227687069170251],[77.417692959126825,14.225842458982285],[77.417238184319316,14.221852099359129],[77.418724176563984,14.215439112251353],[77.418417788170032,14.212090500039874],[77.419390509112503,14.211624813197634],[77.418278257348533,14.209067159818554],[77.41691161886574,14.208683252030184],[77.41413446279185,14.204758491187604],[77.409499300554558,14.205538979792104],[77.403523243753895,14.203478964413446],[77.400767018426151,14.203212565604804],[77.394318533125983,14.199543553173756],[77.39198848384035,14.198901948865158],[77.387092274774758,14.200018381986158],[77.386670858006994,14.203520747993773],[77.383224501962189,14.207443503857643],[77.384202355878173,14.22095136001729],[77.379171271060869,14.226482893205349],[77.377549815566297,14.228082670343301],[77.366370568418006,14.232850097763293],[77.361881181191762,14.234223658048354],[77.359485958233932,14.234006508627466],[77.360124413364261,14.245313533911517],[77.363826883588132,14.254691198319508],[77.36358574162989,14.257750632589527],[77.362390169326687,14.259693789845729],[77.362931760916538,14.266386736407668],[77.361861140676083,14.268754666672377],[77.363820631313786,14.275827232946524],[77.349979340907012,14.277068786381369],[77.339062040698934,14.276895482740597],[77.330155142248955,14.279862869016611],[77.320372796028735,14.280732893253434],[77.314260718124373,14.280505296664865],[77.305344053190609,14.283435651093573],[77.301929325030358,14.282160191745266],[77.301692584817019,14.283253708698842],[77.28933457643771,14.281301662597329],[77.283536942120506,14.28273653821852],[77.282891124398134,14.286066787123321],[77.287952096164915,14.298757068015624],[77.288833534799807,14.305474363630417],[77.288541926387211,14.327143403794647],[77.287443440406633,14.327156592608302],[77.286566713435434,14.34009899179723],[77.2848377673306,14.340098312942819],[77.283884059231127,14.337526533169383],[77.277121457330637,14.337537273116983],[77.2741470950007,14.334670914287036],[77.269309492024263,14.332110889091831],[77.263570999192069,14.332799559872504],[77.258584805884453,14.330917118839414],[77.257676587572647,14.330152674428124],[77.258276790641517,14.327482219323256],[77.253355150270238,14.325261008423597],[77.253869707061611,14.322232576570515],[77.248904732859316,14.319562539868851],[77.247335828808872,14.317807558097279],[77.238200677428324,14.317360014973485],[77.233960269062848,14.318021716061557],[77.228668870442533,14.32119641362145],[77.213466024220892,14.318784568045693],[77.197421450289852,14.321175820838802],[77.184043707637684,14.332472572677995],[77.181044399092357,14.330376376335657],[77.181021575595935,14.331908362983359],[77.177945427856116,14.33422078505072],[77.178677072417386,14.335483487253191],[77.173402550446269,14.336221146149597],[77.16931893492881,14.335440065783725],[77.166914465611782,14.342079043779126],[77.15734284529259,14.342098453620414],[77.155604423758106,14.340110243373298],[77.152656382066027,14.33914346304069],[77.149036366405454,14.339188985639018],[77.145782618140728,14.34052237721497],[77.139209977583477,14.340138622964911],[77.135701090710057,14.336871423243986],[77.136998729595845,14.331760259346105],[77.136326381029875,14.323024816100178],[77.130588421796958,14.306841926805953],[77.125384053757969,14.299877920120283],[77.115643190839251,14.292479744128725],[77.115519164939542,14.274235972606451],[77.110186194084477,14.268161877865085],[77.111687713708847,14.265364642092038],[77.111192217371183,14.26157756034387],[77.120482371257367,14.262929302026103],[77.118559732207572,14.256823855180633],[77.115330398355638,14.254528000602519],[77.11831936100387,14.244814563567427],[77.115646417587755,14.237579327832849],[77.11666634859165,14.226380853383079],[77.114859719774316,14.223140539124087],[77.107758057753003,14.219908827982133],[77.100804749805874,14.217137804418609],[77.081172434885801,14.214152106372619],[77.075893784257644,14.223356514730112],[77.067757287283527,14.228402467849463],[77.061803763823463,14.229458278022717],[77.06007029020958,14.232282290269056],[77.060282200090143,14.236195965271804],[77.05694032260449,14.240668950068475],[77.057726982688678,14.24380092957688],[77.052463139889682,14.245502994892547],[77.036051849405112,14.246744482014364],[77.03614219656653,14.244869426049467],[77.030539496665952,14.244188898723879],[77.030359139211399,14.242266011132623],[77.020070056932667,14.240930607261427],[77.013446165691832,14.238188909632166],[77.008484267321052,14.23799660396112],[77.005663942706192,14.235785327743049],[76.99893540581958,14.240866302711753],[76.991936571253888,14.241406939075121],[76.987588266239641,14.246113448623067],[76.985596599745108,14.247334462577681],[76.976204490667456,14.246127389239241],[76.969832725085837,14.243368648076121],[76.959830321265414,14.244962974343341],[76.95193906077057,14.241901534688113],[76.946462778983317,14.24218330983606],[76.940055863222938,14.244607367678116],[76.935797033105928,14.259365231032424],[76.934458593638254,14.261891770578732],[76.924897400064566,14.273783641600103],[76.928183882039917,14.27930088032509],[76.937113700106067,14.280338240180187],[76.938773298965941,14.283013209665187],[76.947384095630298,14.286165172420786],[76.956724450967798,14.294346461390674],[76.950448031672096,14.303454533799407],[76.945649697649969,14.313181052262411],[76.92720439229177,14.314514123175185],[76.907868440567057,14.322954666813239],[76.903388002357673,14.322683782170033],[76.892284193930323,14.3412628071694],[76.888219305591591,14.345822743028734],[76.884641494579654,14.347542000920527],[76.882317847587061,14.355783093247963],[76.882006575951209,14.359710190583996],[76.883745351421922,14.364656005636336],[76.883881285388995,14.374981031971073],[76.884799828936693,14.381464870251014],[76.884817868005911,14.39570872678763],[76.891768117189486,14.396102205748582],[76.898634653270022,14.397950046127539],[76.904602265008691,14.403919222326543],[76.915829828942833,14.420692549432458],[76.917031809827293,14.41926267089903],[76.924491636440607,14.414335365749118],[76.931422807204157,14.410519693885506],[76.937161915382319,14.405949397751677],[76.9427147453099,14.399336267673016],[76.946764568003005,14.406145706306381],[76.947793518092368,14.413156602390243],[76.946308950575727,14.425711090237355],[76.945883324302542,14.444551266905721],[76.944790806728733,14.450896294864604],[76.945964542784012,14.452550004685515],[76.950370111804361,14.452367923177459],[76.956802062713393,14.451981740189041],[76.959800018395924,14.450213377234109],[76.96308261875096,14.455775640046964],[76.965118970142669,14.456954336044872],[76.968330067296009,14.461788531669967],[76.968400878794924,14.465105570413092],[76.971667119930288,14.468136527706703],[76.975437154243338,14.477864551118314],[76.97481429925628,14.485330368603078],[76.964271890270751,14.485451912224727],[76.956720063595938,14.486932735308182],[76.950000397572794,14.486757566095557],[76.948747042935537,14.489143107853739],[76.943391172227265,14.489481383383817],[76.939145760245651,14.489001540377966],[76.920906202325199,14.490520510865943],[76.900688090618416,14.489208135156042],[76.889254650787436,14.483166938571395],[76.886508842323693,14.483528521652552],[76.883865054628444,14.479271662905704],[76.88427458937997,14.47707571490287],[76.867961595248758,14.474038376997408],[76.865095105313102,14.478227406642365],[76.864904730744826,14.482570236134391],[76.862464367443991,14.492755976760472],[76.861346259562666,14.495864997084563],[76.859198593432566,14.497460093389847],[76.855602536738928,14.509591444054324],[76.851436698423498,14.512361156620319],[76.849233279253568,14.51258233194927],[76.846551682366339,14.515984828670723],[76.841898394821541,14.519373443420111],[76.835491786285004,14.521297462828491],[76.833570557590221,14.524659229763753],[76.832822800846046,14.529110376115709],[76.831008627078617,14.530361792372862],[76.829626223162606,14.530456386407913],[76.826801645024858,14.527816652320368],[76.823461839952543,14.526821668403832],[76.819411162961586,14.52993878181587],[76.814971511859355,14.530186183593075],[76.812544755340141,14.531731026669167],[76.80886617940449,14.530880414253208],[76.806282188066135,14.531064889586343],[76.805194565412322,14.537463497787765],[76.802817598017697,14.542198696886654],[76.798682360812435,14.546793191743658],[76.797864946006158,14.549165345404223],[76.791362899555523,14.554653614821053],[76.788095894852148,14.567716902345333],[76.784654416659308,14.575664508764213],[76.783367062585214,14.580436066384019],[76.781842671853724,14.596496031766891],[76.780325068792493,14.597042159898001],[76.780234031724973,14.593056408058835],[76.769037537821546,14.600878300958225],[76.764994956447964,14.602123662142866],[76.766921901122871,14.618271018387933],[76.77252735525812,14.639110691182353],[76.774044356448073,14.669985106390973],[76.775270890085892,14.680960038890978],[76.776944021167168,14.684103370350103],[76.786219425614703,14.695780253346644],[76.786508542100677,14.708429773180283],[76.802943695432447,14.741884212796046],[76.794148715388758,14.751266142341303],[76.789529495552799,14.76005804059217],[76.789742331596443,14.767447241996312],[76.7889846269088,14.772279613063608],[76.782686874421756,14.785938034175114],[76.783963508001264,14.786968946125484],[76.787383099640493,14.786655144005822],[76.78846309829251,14.785815090872099],[76.788636102138142,14.786971832364943],[76.793826293863617,14.785396861461743],[76.802959511171338,14.785601507910009],[76.817662294020394,14.787602064371734],[76.820336193243961,14.788880152860823],[76.819075264012241,14.793117188395582],[76.832392833913403,14.792910051111566],[76.832573347674781,14.790388745566434],[76.836748368569033,14.790774783876431],[76.837368136944804,14.810564109010521],[76.851457656119081,14.808603489386101],[76.853977328083062,14.80944424109982],[76.854563468924482,14.818092407702627],[76.849845773970458,14.821103497426504],[76.846011823626654,14.822048487067752],[76.845363334314641,14.82548035371728],[76.846731001368397,14.82723148516312],[76.846712832043451,14.82826452803813],[76.84549696320471,14.834051275237931],[76.843021818034387,14.835180269245701],[76.841788957562059,14.83655241117053],[76.848232038597445,14.84088046207849],[76.85406397777875,14.843227453197457],[76.855413385676059,14.848778138191012],[76.854548731163931,14.853645744408151],[76.854890235600664,14.858916160376715],[76.857193450412154,14.86910692598588],[76.853880921785105,14.86917664957191],[76.854492670900342,14.872363460949618],[76.853160462147429,14.872048110436387],[76.852836057142156,14.875269863059044],[76.853393247976911,14.883210534151448],[76.851448759204487,14.883350388908346],[76.852474559800456,14.88697496038081],[76.845524799300435,14.887184123291734],[76.845479465819608,14.8892940462546],[76.847333005559406,14.895982970883493],[76.863843692833512,14.895581905572767],[76.867083388752263,14.917328921594708],[76.867389037832737,14.927064234622273],[76.869621483366117,14.937710050707802],[76.86832433855372,14.948180717113738],[76.866883164156903,14.956164937046987],[76.866090699159344,14.957530588268055],[76.867458809980874,14.969822332692896],[76.862883967818277,14.969751988257338],[76.841937469739761,14.966405305399029],[76.835274677853874,14.960030610058277],[76.834114716565168,14.956455433098995],[76.828503536568277,14.956457303385525],[76.822981631144387,14.963556151275984],[76.821774265758094,14.966164736828118],[76.820603410599944,14.966567129252308],[76.818279194973755,14.969438103984929],[76.814298523692912,14.970154872078702],[76.802339546064502,14.9687679395775],[76.796269624299825,14.969168544589294],[76.788866138224506,14.971196829413149],[76.777607043423885,14.975446882995824],[76.767124562847599,14.974899192028424],[76.7665387453997,14.975616820070265],[76.763354514161534,14.985184088311739],[76.760569096281969,14.989857617704205],[76.767855156379966,14.990097741408198],[76.769565546884294,14.991761888867073],[76.772376082557543,14.990835295688626],[76.775027398134881,14.993064519599852],[76.778737341443602,15.00456424060895],[76.783632744720393,15.004783260417165],[76.784990032639371,15.00538482403196],[76.787118285277899,15.007929775739793],[76.790130247492314,15.020714739388463],[76.785719635329983,15.027676463254801],[76.785748054432275,15.037152400808454],[76.783589315667996,15.039984776397359],[76.783429983282673,15.042614658339106],[76.780347054160757,15.042685644195918],[76.776630675321357,15.054676935035186],[76.773605950741668,15.059122018080657],[76.77383524931119,15.0656472672805],[76.775241104645986,15.072254392727421],[76.779889967988012,15.076038750294705],[76.776693784665014,15.07840063126204],[76.777869761118609,15.079869818393989],[76.782145313374642,15.077328965011304],[76.785296475830549,15.082305668728868],[76.785336030449145,15.086244450043434],[76.786024254042815,15.087814601347967],[76.789857141679647,15.086817554072496],[76.792349848015462,15.087568529212014],[76.793915542385406,15.091848627279994],[76.796970411731081,15.094321623907696],[76.800235013441053,15.095832062418102],[76.803570689856357,15.093754462207938],[76.811614861578832,15.086382060202922],[76.817834178565164,15.083744748656262],[76.823765157006534,15.080013596284937],[76.836015878693104,15.079234455668542],[76.85459317800759,15.065124499336905],[76.861429799290846,15.061975381186338],[76.860867253598684,15.059788123890193],[76.864108741656409,15.058025928284902],[76.865885084672271,15.05968456788538],[76.865187798874004,15.055224267077385],[76.868476541908976,15.053244673051916],[76.869192719277635,15.053420961591948],[76.869867055815348,15.050266847939657],[76.8731263529736,15.043136362410518],[76.877841568577423,15.035458629172071],[76.877162730581858,15.030207564721845],[76.894976788891569,15.037071324309064],[76.897729530552695,15.036578578345104],[76.907219640437958,15.032519514022907],[76.918365907737211,15.035523045631837],[76.92222451863222,15.031283530926256],[76.935862035199889,15.029409619167941],[76.94374862625186,15.030876164090042],[76.94960255978458,15.030372869629094],[76.965918544407387,15.018039337872857],[76.973454749379414,15.016269457898108],[76.985222201697624,15.015188754166994],[76.986033023768016,15.026486348064617],[76.998917282308739,15.030401658619278],[77.003033698012146,15.030913130824995],[77.00407818176943,15.033832918725883],[77.022906282626366,15.031655119833006],[77.035948777607757,15.031276932121358],[77.040323416734552,15.033104334330648],[77.041936827815761,15.033281134908853],[77.042880928433277,15.032639864698517],[77.04956248971871,15.033076094010383],[77.050430467099062,15.024472512628476],[77.047420702163805,15.016215529734666],[77.04411746840502,15.009842723148386],[77.048102545024037,15.00801398866634],[77.069020247606076,15.004762377804663],[77.072037646424619,15.004586940178044],[77.072502243411463,15.005798083337513],[77.082451321440018,15.006080550214921],[77.082826238713722,15.01422812577335],[77.083793249065934,15.014250878110099],[77.084747595867583,15.030708690619722],[77.090852907661215,15.029331547649337],[77.093655578584134,15.036137426724906],[77.112929189024754,15.034056399914231],[77.115271925217172,15.046397486656806],[77.119503478888902,15.045692764694953],[77.120814524231989,15.053998475848676],[77.128212933927628,15.072313403627824],[77.129398795442597,15.080013507812122],[77.129575567720863,15.089475959407959],[77.130524371917218,15.093588043420658],[77.130119851561631,15.100768506625005],[77.136957174429114,15.102336410979039],[77.136938637693234,15.104247860240543],[77.142083003661114,15.10456844885878],[77.150167631012437,15.1116081006694],[77.153029072416174,15.118530677122473],[77.154005934592092,15.118426580840579],[77.155439183153177,15.122791671656911],[77.156327627748965,15.122931569228337],[77.157375211592282,15.129881424213899],[77.156473198842448,15.13318928537681],[77.156445827175716,15.137699072660711],[77.157278939143282,15.140468984264023],[77.153268874986338,15.140984562028818],[77.153143075812238,15.139371438642465],[77.149747111661611,15.139764849162816],[77.148933029605061,15.139927618369004],[77.149002969738135,15.141418820023414],[77.137786867408693,15.143534364191224],[77.137907884850506,15.14517011441988],[77.136837820667196,15.145414232900768],[77.137140317559357,15.147795587713537],[77.134721143719418,15.148292789367657],[77.135405148824532,15.149747780294923],[77.139392348162559,15.154632485381798],[77.140755782354702,15.158586314348677],[77.162831563356661,15.157359471612789],[77.163358269862258,15.163581790227726],[77.1645075304193,15.163694580647684],[77.164866530444513,15.16820425539365],[77.167360364165987,15.168149673032362],[77.167421401994588,15.171245000571416],[77.16913361158737,15.171348618305947],[77.166186776332722,15.188339836345408],[77.161945148953421,15.201110534316706],[77.159311245421222,15.200997978869895],[77.154817760979,15.214821428926703],[77.151657891153022,15.214699779968226],[77.151973584296684,15.217571636393378],[77.147186195347956,15.22080508005242],[77.147656526281267,15.223909428902919],[77.145399484875398,15.225102518721767],[77.144161429445788,15.223968408801424],[77.13578443909708,15.226164970925463],[77.135560993051627,15.225378665226103],[77.125120396425473,15.226939321683046],[77.126386917669819,15.240438652758717],[77.132512906884656,15.239694247653373],[77.132829431868274,15.241691550306568],[77.136217810644638,15.240959357394521],[77.140276668592861,15.247484306613531],[77.140541476667266,15.251717974539092],[77.143042722388159,15.251844412145926],[77.143777451764109,15.257213649303154],[77.155872472055748,15.256936943142845],[77.158853337290012,15.258747511965643],[77.161631274898212,15.259121111071346],[77.167671668141196,15.258495636430412],[77.166931031443923,15.268584178703858],[77.159260222011426,15.267841552804427],[77.159179244278434,15.269239119887317],[77.158343463416202,15.268937079644688],[77.15295459129932,15.272960221257389],[77.152853313437561,15.274062533592712],[77.147135523179415,15.272921429288729],[77.147100433187788,15.274945168225926],[77.151944177945865,15.275684131095542],[77.151215175329853,15.285447492152036],[77.151577560207045,15.292434960732326],[77.146308375127049,15.293065728188029],[77.133265123764204,15.292798197955456],[77.133045530592995,15.293479712842613],[77.119718578687014,15.295735854352147],[77.119610752106851,15.294542372883368],[77.1183751939937,15.294850565642664],[77.118489792972824,15.313442709813369],[77.116898589143759,15.313415005998991],[77.117012026601188,15.325742095003037],[77.113415455172913,15.326406620595046],[77.113415465054388,15.327237669676594],[77.112587627994174,15.327431509842873],[77.113100982839711,15.333678202756419],[77.101447554578812,15.333677109438865],[77.097651330781986,15.33184836238159],[77.091771336224539,15.330850217324697],[77.074389084597186,15.325888121629857],[77.063727323646404,15.328018269878818],[77.065114033187541,15.33186222563025],[77.066011489682268,15.337735071421163],[77.064896426191453,15.343552061397643],[77.063256165364692,15.345724410932448],[77.059033770017322,15.34895724595294],[77.044743319273579,15.355690599643998],[77.041828914099,15.361922241182381],[77.041346049870853,15.370988999037083],[77.043128298411361,15.376017441130147],[77.047422366742026,15.383401376156604],[77.047248410682201,15.390021922942534],[77.045455655446105,15.392922947332142],[77.039625520081898,15.39702392620927],[77.032942787393296,15.39970811220474],[77.029228596849933,15.404360258822633],[77.028969991642541,15.407684312383049],[77.033142364303345,15.415913304251319],[77.033902035403145,15.419268944176677],[77.034840588923785,15.430286189014327],[77.033527993088512,15.432889192745028],[77.027504448647008,15.439740567432006],[77.010770689026629,15.448742079368904],[77.008627262944614,15.45126171282083],[77.004141362978316,15.46353979299283],[77.001931109425698,15.466538464575027],[76.997301491590335,15.478006459684787],[76.991214181136712,15.482898766303824],[76.982399809160967,15.48633273282419],[76.977098689870942,15.489764805334357],[76.974017751415744,15.498234112739675],[76.974530804427303,15.510506497868349],[76.987815720567909,15.507775008246551],[76.992325902894649,15.50579349224013],[77.00945884058963,15.504612492763904],[77.01135583094144,15.504161584936529],[77.014791771020498,15.501827211591387],[77.022793244919242,15.502237868182149],[77.028836756214574,15.500457264878085],[77.030039824060509,15.502647875597479],[77.031356221566057,15.507094734395597],[77.031315194608723,15.544075334418386],[77.030111516806699,15.556130520426468],[77.026292412021277,15.577542632795385],[77.026238953278693,15.58173587391582],[77.028001765869774,15.590041904871974],[77.032913184311454,15.604982676287806],[77.031803183725586,15.605528976622136],[77.032054025692247,15.60748105915993],[77.032786052935805,15.607607955116372],[77.032425668606734,15.610436393937539],[77.031296796213368,15.611592724027517],[77.03271923804158,15.620626067295412],[77.031110441606003,15.620986855773262],[77.031461911054166,15.626834069152046],[77.030067742801236,15.626833400421672],[77.030432367178435,15.634492664588906],[77.034120870396265,15.63456199366364],[77.03432503140921,15.636798818235849],[77.045986681051573,15.638638105263526],[77.071725100977716,15.646653236021473],[77.076270799097543,15.650942526110972],[77.083189430278054,15.659145353326085],[77.083660692764326,15.65817392227382],[77.086995255268647,15.657632355413506],[77.088045015729861,15.6557574044384],[77.090950820433918,15.653394654876442],[77.100236627372425,15.64852948582398],[77.101360510522724,15.648502556924106],[77.102633819437358,15.646609379164847],[77.103399122075658,15.642836419907299],[77.104667491154572,15.643026380623517],[77.106640199603305,15.641811126221526],[77.1074658259096,15.640030826382745],[77.106249039890969,15.63744158029167],[77.107288962901535,15.637102743329022],[77.108324065552281,15.637834871610837],[77.115636324117233,15.632512525055182],[77.121423168769581,15.631084866206479],[77.128883675407579,15.665864694246627],[77.120138953409082,15.667608740176966],[77.121372310649775,15.671089139715582],[77.113394432798643,15.675687585637936],[77.11419647024384,15.677983164019773],[77.10928496376728,15.679876060642348],[77.109228837028326,15.681462094598878],[77.0950253791367,15.688360200058526],[77.094101724175061,15.688911363077757],[77.093793613710702,15.690384357778976],[77.078693907558403,15.695144031771719],[77.080642876229149,15.698528905628097],[77.08256921633793,15.6986964307729],[77.08740749664409,15.715488451332373],[77.078865826239181,15.7162548843796],[77.07968872256528,15.727510814403521],[77.059557612693794,15.73000868665572],[77.049098001428021,15.730258168953574],[77.049383383617396,15.740040950110885],[77.045944796203145,15.740355933937037],[77.047991340778381,15.756216940813989],[77.054308922677009,15.756173990244474],[77.05645752036007,15.762826064006171],[77.051058301447753,15.764518663391865],[77.052311524930957,15.769873549003092],[77.05695003339271,15.768704835296978],[77.059432468391549,15.782274837392411],[77.060034432158375,15.782297599244016],[77.060943053813773,15.786256137768362],[77.066412625185862,15.785046825883224],[77.067172422948119,15.787735582251942],[77.068014719291128,15.795796863244259],[77.067116607924589,15.802691916895457],[77.063732922845546,15.803187933954312],[77.065678029658912,15.821520202711419],[77.065470879951036,15.827349012255882],[77.063141062430745,15.829585014093757],[77.058884159200019,15.829994874989991],[77.054487366719968,15.830079213376711],[77.0545764921726,15.828908963045993],[77.053437603563793,15.828840797781584],[77.05303109343987,15.830038113261033],[77.050977212323701,15.830403375597209],[77.050954324148591,15.829404737780552],[77.048849283976992,15.829381379708297],[77.049232355258539,15.828297058152438],[77.048088967886812,15.827971367142037],[77.047663427851901,15.830036117715201],[77.04468608760682,15.828819556197242],[77.042557646322095,15.828836802345016],[77.041879539555126,15.832008493837966],[77.04069365737891,15.832744504669622],[77.038318032067309,15.832309775745355],[77.038384014223269,15.830918081366564],[77.035854817422276,15.829552463027419],[77.02996260398038,15.833282131711217],[77.025185489961885,15.837509233836967],[77.030063008679662,15.847547131574537],[77.032616630673218,15.856915147147836],[77.035392219186946,15.861077926612129],[77.038952855308949,15.863984847898177],[77.055893699958531,15.881542469729373],[77.061235276673997,15.894476644131169],[77.07103007444239,15.908828218850099],[77.08457368292693,15.918641091240811],[77.105650757420136,15.929981222279949],[77.119001596427864,15.934017242699216],[77.124857738917839,15.934496352613994],[77.137326614674549,15.938183345411232],[77.143141212777593,15.944698630851052],[77.152243883772414,15.94908079041771],[77.159333617963412,15.950860099831724],[77.168977749394017,15.95029375768666],[77.174091808899178,15.950771691193189],[77.185288203089598,15.956742453732478],[77.204954816585584,15.955041949639034],[77.211862775780503,15.955992794602203],[77.218589053404159,15.957946596012864],[77.228339134834343,15.957011399366133],[77.235471266811786,15.957139021602769],[77.239049579083613,15.958239766713426],[77.245573430341153,15.963247284948427],[77.248866415220888,15.964555371325021],[77.253135418758475,15.96353266101185],[77.26050777102266,15.960030530239893],[77.284675883729889,15.953806992406683],[77.28982251614724,15.954288133141208],[77.298307173176028,15.957793268905238],[77.301072015144015,15.957997593029909],[77.311427980588903,15.95339674011784],[77.324062270325413,15.950156081579477],[77.337900331288679,15.949847353597461],[77.348142122657606,15.951317553905827],[77.361245936640273,15.949420999243715],[77.36721490752997,15.94725696600854],[77.3740672259745,15.942187815942955],[77.380100993243957,15.939765929040544],[77.39009503195247,15.941496175276908],[77.397693536886067,15.944482387163731],[77.410059844800287,15.942244321744829],[77.416313111816123,15.942392388326153],[77.42256748825136,15.947488067396657],[77.427359575389019,15.949027839088435],[77.42959659694047,15.94906345092109],[77.435088489650752,15.947778811597983],[77.444334349406873,15.944107258622662],[77.454557703752926,15.938649437705291],[77.465997928559233,15.934501507763914],[77.469766530059402,15.934097787774839],[77.476169723201252,15.935084571813558],[77.498744030558314,15.933178328982326],[77.513438159037904,15.926792456783147],[77.517360934796997,15.945165638267611],[77.519807842324695,15.966913454738693],[77.516397069446612,15.96735977848698],[77.515092181156461,15.970494814140098],[77.512102349837377,15.973344620391238],[77.511619094842061,15.97483845665808],[77.511083264148155,15.975157425833789],[77.511126694098849,15.974524628140134],[77.510662421403836,15.975159006264514],[77.511092576982691,15.979371306389083],[77.509554644148267,15.980395245870637],[77.511310207335001,15.996476182126951],[77.51405206500813,16.008076307272113],[77.504412436832027,16.011328803633873],[77.504338174005809,16.01820586818279],[77.502669953115841,16.018710959398629],[77.502251778367935,16.022470104846111],[77.500081615728149,16.026178392392609],[77.497453910571423,16.028667480077164],[77.49803401383582,16.029977536833911],[77.495577117042203,16.03098199804715],[77.495895894102233,16.032798185590522],[77.494001405558507,16.036987861680519],[77.495349764223576,16.041699816800392],[77.497869607765807,16.044088718658902],[77.497903486828434,16.046027084280382],[77.496917660364261,16.046109031165521],[77.496810761743774,16.047121150677132],[77.497794484353534,16.051182681243169],[77.498780308122733,16.051010418513229],[77.499456683836129,16.053722512108745],[77.496507138364279,16.055042209262734],[77.49765365456814,16.057915288428124],[77.498839749645072,16.058389879208704],[77.4994355356977,16.061021955022287],[77.502611443146449,16.058811859121672],[77.506875351439774,16.07963554830793],[77.506005475020899,16.080701351128941],[77.49883922592727,16.084143013727008],[77.495008010953512,16.085222255739641],[77.493658001184954,16.086343575243781],[77.500931854076583,16.106188417316144],[77.508749936910021,16.109193242902794],[77.512064781393875,16.107758198067394],[77.513275581937776,16.108023768380164],[77.510534811226151,16.111126465341716],[77.51081460769106,16.112269741583173],[77.507027699423745,16.113745220061894],[77.505385934817227,16.115614820716413],[77.502309348699541,16.117171952844156],[77.501686232302745,16.119521123234144],[77.500222461683222,16.120591141668225],[77.498838587225094,16.120762013348571],[77.494504468405836,16.119187524299001],[77.491705016146582,16.120024967388282],[77.489793041895865,16.119619314222071],[77.489706005026292,16.122791255933173],[77.491596701781191,16.13501704559112],[77.490947362662908,16.135781003115873],[77.490650275425381,16.13944556587613],[77.490675741765415,16.159584075415971],[77.490017229949714,16.160817943064803],[77.486151991284572,16.162984244653703],[77.491323955294632,16.184530320617096],[77.499485146955905,16.198560134058258],[77.49954568891448,16.206268521084201],[77.498184104353498,16.209560152222554],[77.499438979838501,16.212151404777316],[77.499804801669995,16.217808616857134],[77.501149129594339,16.221717789649112],[77.502789447014933,16.223661612170041],[77.505142470713977,16.222506317929536],[77.512153781980672,16.220919760619324],[77.51313068637738,16.221823988678338],[77.514991953425266,16.221956039149784],[77.515767233651459,16.223650837283579],[77.515657423591108,16.227789532849094],[77.514453934435295,16.230454750191527],[77.513167502930983,16.23084717862481],[77.503556543588871,16.230936642603499],[77.498836564219104,16.229300811154229],[77.495063708297735,16.227117936226772],[77.492343016729336,16.22929729639247],[77.492978372671914,16.244076500134632],[77.491612493265578,16.251930962022684],[77.490066049792176,16.255180485050026],[77.49722464793453,16.258596919964642],[77.502404371591993,16.263057801830779],[77.505142624325885,16.267600283180933],[77.504241015817939,16.273179918401354],[77.504814831773643,16.275800926036396],[77.510429057957651,16.274588624976555],[77.51274866163314,16.275760185999076],[77.513856126274987,16.277843746303503],[77.521869377985396,16.278028612378293],[77.527503091322828,16.275293270678109],[77.529603342575641,16.275484008937802],[77.529333424883902,16.272795442355186],[77.530549695269571,16.272764439096495],[77.530756005950963,16.271648497025009],[77.532823607934773,16.271681039723077],[77.535117474877381,16.268085470985675],[77.536897925889079,16.26680401929957],[77.538946162890284,16.273432302859579],[77.540821357418338,16.285456415190971],[77.545075854062404,16.291711488093977],[77.551039582384092,16.294781670868932],[77.553129939592367,16.297091287968886],[77.556212745645041,16.297770126837179],[77.563205846264296,16.301635528225358],[77.566410551904397,16.301970827392186],[77.568880282928532,16.30360261859488],[77.578040823393934,16.294161465604194],[77.581999568595322,16.291338422253506],[77.593503891790405,16.292000232779351],[77.597809658881033,16.293112553217583],[77.593369231634355,16.297444977422035],[77.592016250238885,16.302166484409693],[77.592196325622396,16.304387580677172],[77.594466537228655,16.309979081816202],[77.595382186404507,16.318121249000157],[77.59236800804625,16.323741598698426],[77.590000022007857,16.325498807170224],[77.590832179964565,16.329276292011574],[77.588033179557883,16.333373884723706],[77.591984439996367,16.33774094695028],[77.595236437444598,16.339634748124897],[77.595663872924774,16.341390726754355],[77.593922622595471,16.343893597165884],[77.587053186753209,16.343372746707615],[77.583052474956673,16.34206161928352],[77.575004013778695,16.340767554668119],[77.572720402003384,16.34093414757124],[77.568479921772692,16.343711798253],[77.564731342821901,16.344573672728654],[77.558206790878444,16.348037220041903],[77.555000956055991,16.348768049117041],[77.550192974127739,16.353872100682132],[77.546040647372493,16.356929463061199],[77.538772275102431,16.358205130855922],[77.534057581419745,16.362418678602314],[77.531426834567483,16.363763943861553],[77.528840759137694,16.369058222799271],[77.523398800180772,16.375833122345085],[77.521793287087547,16.376094338732496],[77.518045131243255,16.37470531304162],[77.514366304677665,16.374974466242584],[77.502106107561474,16.378907493279531],[77.498833624931464,16.381057919665331],[77.495352134877606,16.38115763657089],[77.491534723416478,16.384435444311038],[77.489690956448655,16.385014798423079],[77.479650472144996,16.383515318360221],[77.474674198034762,16.381769093028957],[77.470204537812165,16.382231986228575],[77.454000227253914,16.380932661762994],[77.44098388312878,16.38076536783953],[77.437112499088727,16.378606745375389],[77.432135404816663,16.371930037430062],[77.429532565027003,16.369662442760806],[77.424996892105739,16.367201062406771],[77.420948373766421,16.366230528731506],[77.415337186583031,16.367496686607211],[77.411438707557409,16.367447651670751],[77.40170446073077,16.3713030791295],[77.383302250251703,16.383011360600268],[77.378046106014693,16.385564277191893],[77.372766362136858,16.385654603879033],[77.365563157250762,16.383738570819371],[77.355837176721323,16.382635306871705],[77.349097063245679,16.383845435298777],[77.338807625234082,16.392292976756664],[77.33341947895596,16.395368884830798],[77.329810288892844,16.396470597847575],[77.313932518635326,16.398007112083643],[77.304302584179482,16.401727068918504],[77.297452247418434,16.406898045712275],[77.287958522712444,16.408642323127914],[77.278280266979138,16.422170688004208],[77.268950259335398,16.430461639391272],[77.262074364606207,16.451838451302322],[77.255436636615073,16.456854486759031],[77.248860233015094,16.46072653534257],[77.248013500791203,16.461947646782441],[77.244408885847847,16.463314203816527],[77.241072248235227,16.466618889570526],[77.239687826703104,16.469393850174452],[77.235761019304974,16.472743948379637],[77.23976669339514,16.476248011211293],[77.245812990366176,16.477731189203162],[77.247681321765455,16.477585540859327],[77.248755960170172,16.476489668351064],[77.250441166405508,16.476079109204292],[77.250727560097886,16.474931585214684],[77.264992973896327,16.472513387144705],[77.273065790198274,16.473014552637103],[77.281816981863415,16.475241784754111],[77.293996608183491,16.476670325884321],[77.294776371901236,16.480346111330469],[77.299320357832158,16.487906910638728],[77.299586119019054,16.490830322042374],[77.298712909850508,16.496161539258519],[77.311863985996894,16.494254858381577],[77.320298950020813,16.492215081677443],[77.323573929967282,16.486843740296571],[77.329563690567568,16.4859054004],[77.343092390611645,16.487932244574065],[77.344385069000438,16.486942953271484],[77.346201878424907,16.488108944610776],[77.346374787947425,16.49036810191479],[77.351432402710032,16.491060087967131],[77.354701460063836,16.488778748066061],[77.369012788553093,16.48867138141539],[77.37042927005939,16.500996753755416],[77.370070492816382,16.504582103915162],[77.372716541571194,16.509656417965459],[77.377788806957767,16.51370482805196],[77.381437391739311,16.515710894324076],[77.391024905052532,16.516202984053617],[77.394978245989179,16.519686262013288],[77.398542745765198,16.521082072121896],[77.40220553470806,16.521515422002103],[77.404200824108102,16.521415774619129],[77.416886265713501,16.517299890773163],[77.417405244910995,16.520749534292335],[77.419116787953854,16.522378339800671],[77.418176690229231,16.522962936889641],[77.419017141432661,16.548924430429182],[77.410453706645015,16.54900326709053],[77.409212550231018,16.550408630891784],[77.403755201336693,16.551186525108989],[77.404177220874004,16.554177543427667],[77.399961260159003,16.555732312376836],[77.399343284820532,16.559261117389457],[77.398368878638578,16.559410318891747],[77.39750312997846,16.564761520051157],[77.39262107566681,16.56399229960719],[77.392874530832643,16.569974416634913],[77.39570892575982,16.569761831380259],[77.398285461081301,16.567882007583787],[77.40000947543524,16.567524889065073],[77.401494724773187,16.56856391491203],[77.403594018421899,16.571807750011644],[77.404938632010499,16.571893423995576],[77.411778591433375,16.570857737014521],[77.415366653120984,16.567522664186441],[77.423757675154448,16.568880957283501],[77.425634689669252,16.572187002933561],[77.428551176240362,16.573651859349777],[77.430852653710062,16.578866528192023],[77.439710762860358,16.587147029187928],[77.461094329053793,16.584922557360244],[77.462223741334654,16.585477842616097],[77.463827806343659,16.588078335574274],[77.464827244979304,16.592416743895718],[77.464237624064452,16.594102283346416],[77.462649756578358,16.595327375167294],[77.462252370642744,16.597661485369208],[77.463909877326302,16.599206273320306],[77.467396599168396,16.598836894592782],[77.46669070211982,16.601602825163116],[77.468065817105611,16.604289214973129],[77.467796592913274,16.609756360841114],[77.458186117763077,16.610713655403703],[77.458163160417683,16.611843214842416],[77.453750545012269,16.615884155800522],[77.453647791218486,16.616747169902695],[77.454928947815432,16.621355262574532],[77.456162091257085,16.622985870129767],[77.457976431212842,16.624796974012572],[77.463924898954502,16.628237451381683],[77.464376711118234,16.632497920814213],[77.468249383342354,16.635952683061134],[77.470688600392904,16.640496903671558],[77.470858899411184,16.643754442618409],[77.473460891191223,16.645434022197314],[77.476110673344337,16.650107109702823],[77.474687287386772,16.652114645211565],[77.472907111259573,16.652802030160149],[77.470065398656104,16.653377649577049],[77.466856018183265,16.653050118641044],[77.462403720598459,16.654271406296562],[77.461432320179441,16.651118600946852],[77.459843018083831,16.65012071831671],[77.457021305571843,16.649679036024498],[77.456485823424245,16.646810192253604],[77.450438097233587,16.642330358615144],[77.447410093803143,16.641305772053112],[77.444681705469364,16.639232822020475],[77.441579716792106,16.641102959679223],[77.43434356529464,16.641382053322332],[77.4343423103482,16.643356191991813],[77.437812514867147,16.643884153012081],[77.43859566433521,16.645329745726855],[77.432677947722382,16.651354152864894],[77.432200678201824,16.654169110648894],[77.429721793344982,16.656202935228965],[77.419012311191366,16.65843734132477],[77.418860442907743,16.668572307034868],[77.421537115230606,16.667953062777322],[77.428170109998518,16.668200026654844],[77.43454802724321,16.670976441964648],[77.442552002051656,16.669845193102013],[77.442664387581928,16.672495729944778],[77.444227487617326,16.675686893582277],[77.446580857167717,16.676070229307765],[77.446743970562082,16.677946302827532],[77.447716549570714,16.679309531886599],[77.455174497806766,16.67853874042023],[77.463897524592852,16.676303125896666],[77.469801682034785,16.687030048691941],[77.469175827572954,16.691885104976436],[77.470133952688698,16.695587311575466],[77.470074509369724,16.698700355705302],[77.469423216415692,16.69944162628013],[77.46989230318232,16.705599218846874],[77.471389041074445,16.706197823222833],[77.471158279149293,16.711779423036127],[77.473700028109747,16.71474096222067],[77.474049627265487,16.716558831738666],[77.468288449277438,16.718766303108296],[77.465043765912228,16.718388178126865],[77.463811022220895,16.719174856713288],[77.462957157373651,16.717968863355342],[77.46133066861853,16.718995151359529],[77.458572508319619,16.716009748313791],[77.457794183702973,16.715942280168385],[77.452159991563477,16.719595066166523],[77.447184465749828,16.720727873621225],[77.446131642033478,16.716492377282407],[77.441978363962377,16.717031758874324],[77.441227825135741,16.713115921686406],[77.440230171452555,16.713558250717146],[77.439596744192883,16.712062929658895],[77.438462021072098,16.711679223912284],[77.436418123831999,16.712515676772124],[77.432804710788773,16.717301410382699],[77.428327181324249,16.717478766861916],[77.428179349171202,16.716536129630523],[77.427672855657846,16.716628534859584],[77.426021331754086,16.721143550008925],[77.426067881553777,16.722873755233653],[77.429258160250427,16.722447086798592],[77.430965088647667,16.723124408589108],[77.430359782249653,16.726374512618296],[77.428320217584172,16.726596414226805],[77.426955647921517,16.728911707366247],[77.42980066542691,16.734800011951585],[77.431685821373151,16.735025486770255],[77.432430006415771,16.736612245636834],[77.433304148035603,16.736687761093194],[77.435442874131994,16.743771237085571],[77.439503440675921,16.751961527853169],[77.440856277442634,16.75876119158908],[77.443149104136197,16.762510563742989],[77.439624433863216,16.768547889695217],[77.439785068805691,16.772175905708618],[77.437881766890726,16.774711146636026],[77.437720347719022,16.783367938723124],[77.439498824233681,16.789131621310617],[77.441071773397852,16.786223458083509],[77.450531280376325,16.78336478577955],[77.453228393863455,16.783684640716785],[77.460572472552442,16.781241846931199],[77.467194781860044,16.780452919415744],[77.474498026729435,16.78124029624356],[77.474589102424531,16.784235061586049],[77.476501349763083,16.788368064692438],[77.47338741169591,16.789209910136702],[77.474693299810951,16.793099403654207],[77.474261764419822,16.80231657540488],[77.465703000871684,16.805921365051471],[77.466459330238635,16.808324679757039],[77.465109535167414,16.810837331961451],[77.463042170338866,16.812504644717226],[77.463642463239282,16.813417796374988],[77.462437041807291,16.813743601996627],[77.463238306701385,16.822210215636005],[77.462249346015199,16.824162450665799],[77.458089724041542,16.827606925706338],[77.457082965034658,16.830179830831902],[77.459483043386555,16.832854821675852],[77.460093754947621,16.838017219673588],[77.463163847144116,16.844403190984917],[77.4640580831785,16.850592616372104],[77.462498150602812,16.85606920387335],[77.460014796627405,16.874684763034651],[77.460357043970859,16.884750924340889],[77.455894551405933,16.885335514084471],[77.458338478323498,16.894090609376345],[77.457349331686061,16.896598532238244],[77.457350506682431,16.899390704918645],[77.456459051832141,16.899924184331564],[77.457913268868595,16.909506457652554],[77.454703409593705,16.910366128578961],[77.454015885787626,16.913897663193186],[77.458424818100383,16.914907010968719],[77.45920232435185,16.917311418272526],[77.462617232175177,16.917105703143971],[77.466516723602126,16.91510695298496],[77.469435303247835,16.919197384064951],[77.469411443993891,16.928061842357828],[77.464202205289439,16.929853273101426],[77.46692925064184,16.938440169306006],[77.468285783077647,16.939592440690255],[77.468042627994876,16.941544350015349],[77.4648377894041,16.944184294191238],[77.46498813594161,16.945871715143138],[77.466409605792705,16.947032915586654],[77.467206326109746,16.949848908588852],[77.466267955845453,16.950883954779801],[77.466270063293109,16.955370382278819],[77.465228478399283,16.956613296575583],[77.465945792136793,16.958929602108341],[77.47214654992932,16.95714209586394],[77.474246534382502,16.959996608654972],[77.478297888703153,16.968366961165358],[77.48134131530874,16.97043022111507],[77.48220332607896,16.972996765576536],[77.48289114722742,16.985646926719816],[77.482357680899298,16.988855007044929],[77.479055261912478,16.994504226157623],[77.479516229705581,16.996017536853419],[77.486558852649793,17.003211680015781],[77.491874562376665,17.003660564939644],[77.493195347254073,17.005801364194451],[77.495896021662986,17.006847991683042],[77.497827540559356,17.009327255248071],[77.502201354134428,17.009369433145526],[77.502531616155338,17.014104527238086],[77.500621598435345,17.019285517016041],[77.497699212627765,17.021620870905441],[77.494946029893839,17.027089283145571],[77.496651266763379,17.042720619691146],[77.488106073165923,17.047171177412743],[77.487656570570778,17.049529821686306],[77.48983647543983,17.050536144382669],[77.486518190408475,17.054586087279713],[77.486406457953422,17.056298471820273],[77.483453554579029,17.058906925144488],[77.481874107002071,17.065097409057099],[77.479926808299467,17.06880316315344],[77.478983393096499,17.072627530427631],[77.481941154559934,17.075845697342174],[77.480980052427356,17.079234688224432],[77.476559795053788,17.079431171366476],[77.467252617194674,17.086329969685075],[77.466430954255415,17.08724296518114],[77.466445900425128,17.089036603273868],[77.462854415257979,17.094084747236103],[77.463215305338508,17.102497092409216],[77.464688261231814,17.107759918011919],[77.463622792829511,17.109996777341383],[77.459191919165917,17.109099536360716],[77.457426249033929,17.111151406361685],[77.455631618115532,17.111450294704689],[77.454275199765746,17.114852856156826],[77.449553365374868,17.115017240633687],[77.445795710744761,17.117955234839545],[77.444696288719683,17.118023373035946],[77.442290161112652,17.116569367002079],[77.438489205889226,17.116846147332122],[77.436003139001656,17.114980953823135],[77.414993361797926,17.122499353204706],[77.406658364095478,17.124511231177475],[77.403821567971562,17.132915066426051],[77.384542419417187,17.140027962305808],[77.37791677556325,17.139942245742162],[77.37899292223932,17.14783062381052],[77.37817057568212,17.152660338637791],[77.36689672335801,17.154413041234157],[77.365919152411351,17.155967169001784],[77.366816574770041,17.158980703014553],[77.365458376857688,17.159558927165971],[77.36372430766076,17.158781727164914],[77.363879145774746,17.162183765363253],[77.362445637600544,17.163828203685696],[77.362614773300564,17.164483322082056],[77.366768991907762,17.169304250706176],[77.366200145432188,17.172209269885045],[77.370006880416156,17.175792187661227],[77.371900797631355,17.181127956658766],[77.372018263134535,17.182411060620627],[77.369456539235458,17.186323525968572],[77.3714399079917,17.189969583216012],[77.373352909016788,17.190868703369855],[77.373959182002025,17.19455084628942],[77.372271708418893,17.195562831117545],[77.376046147171763,17.197026706774128],[77.379327076660388,17.196909235623828],[77.381743136041223,17.197654660584348],[77.383609204584275,17.19690011428899],[77.386025256778595,17.197112367780136],[77.387393040613347,17.196073175757967],[77.390227431947238,17.19638475427886],[77.392488299277915,17.195734012848042],[77.393893612928608,17.194396589096055],[77.395012911975982,17.200762286175557],[77.39649870389637,17.204778607262668],[77.396409502985293,17.207529597032298],[77.397739947446922,17.208338290028056],[77.3983888975947,17.210312641163689],[77.400626514729169,17.209440334038071],[77.401862958581177,17.210027536003654],[77.402502170991269,17.209277522003145],[77.403747860304179,17.209892102875514],[77.401999445910519,17.212033827642497],[77.401976218172209,17.21412112133018],[77.395935529383465,17.213864245048605],[77.388762046156884,17.215324074276047],[77.382961171616429,17.217976349000811],[77.380187648329525,17.222530490282303],[77.397869741429062,17.23331829996652],[77.404945811346266,17.236529705353799],[77.408270529213382,17.241205280887471],[77.41039080571052,17.240414306017112],[77.411448156037579,17.237671746126054],[77.420418610293908,17.237624847965613],[77.421055030740106,17.244934721369994],[77.422543171754938,17.250759283744337],[77.426329705424791,17.25646240625608],[77.428192053145963,17.25752823457179],[77.431803448573078,17.25807394371801],[77.435782182187864,17.260182790759814],[77.438966694598719,17.263498109729959],[77.441225232597844,17.267889047173217],[77.443996115736113,17.270549259867412],[77.450814764425502,17.270533356005963],[77.453558549883226,17.276098598620845],[77.456996736648819,17.277231381699256],[77.458535222845455,17.278997291387302],[77.4586888967428,17.28072968495432],[77.454877820201062,17.287241497818968],[77.437925908307164,17.291918842621548],[77.438274813065178,17.294633998245665],[77.439342692545722,17.295564359860432],[77.440463200725489,17.299087973978331],[77.440506283028185,17.301301732586928],[77.442975388824848,17.301219618370812],[77.443502936153564,17.30345128757218],[77.4442131046913,17.303423945365317],[77.444876659648941,17.304544161171247],[77.445597427408742,17.307738071639733],[77.44765266857425,17.307497913377578],[77.448081502731327,17.309688942161404],[77.448843415127754,17.309620903706055],[77.45149462739883,17.317702453843232],[77.452190689691648,17.317553105564972],[77.452454262582549,17.327474825094853],[77.453914545043801,17.329597065814696],[77.454624795328243,17.329488355676201],[77.454951016727023,17.331021779249873],[77.456011073678042,17.33123632834986],[77.457057610085741,17.347409934117966],[77.454867248826787,17.351784099712255],[77.45167802834554,17.35267984898411],[77.452135896052596,17.35647921334704],[77.45191105582181,17.358896358922593],[77.45106442510756,17.35938008601719],[77.4522838908007,17.361783141611859],[77.451936937183447,17.364724406101356],[77.452855447493477,17.367385087209033],[77.452231538782556,17.371885118984778],[77.453606245034919,17.373989926405642],[77.461651484854272,17.373440032061826],[77.466501566328333,17.37194251362796],[77.479095948408315,17.370721193407661],[77.477344657609109,17.368743250736959],[77.475998896871872,17.368409597838564],[77.476532874341373,17.363711656104392],[77.474431454380365,17.361512743635874],[77.476430628095741,17.360811429875046],[77.478593597925027,17.358519746787952],[77.478743568068452,17.35742628299586],[77.483818520316007,17.354997425407831],[77.488200813089051,17.358726860064927],[77.502625213421425,17.357065216966944],[77.507747177202788,17.359458451402865],[77.510946270168986,17.359686220897608],[77.511477397284096,17.360581044156998],[77.51575882362377,17.360384719852021],[77.524822607448243,17.364695298255132],[77.529801907084362,17.370711345075808],[77.530321967853453,17.374689880578487],[77.53218512316009,17.375009104389136],[77.532706674234262,17.376204759569845],[77.533151456182551,17.380496940947932],[77.531979680251226,17.380880403148684],[77.530046262316347,17.380129506058758],[77.526215304260774,17.38193022959241],[77.526402336197847,17.384071790717933],[77.524971487036893,17.384902349773466],[77.525215340110648,17.38637981260889],[77.524114171760672,17.386614177045686],[77.524285473298804,17.387996233071519],[77.525449246139274,17.388564425672318],[77.528956791827966,17.39370319760641],[77.537234613559235,17.402250686135339],[77.537844140242456,17.406092762878103],[77.536073827617088,17.407980424004197],[77.529833785598825,17.408176255813881],[77.514173758881356,17.414181241306679],[77.514188606236374,17.420637248785518],[77.512998425621504,17.430870327302909],[77.532597452570442,17.442377631624794],[77.537301032296398,17.443746851248488],[77.552688704192789,17.437050417219233],[77.56150896462519,17.437613723027887],[77.57586181684016,17.430714423043781],[77.575192118304244,17.44576819205589],[77.576186073623404,17.456167635297252],[77.584238847613065,17.454503756028384],[77.587002428346381,17.45194715413184],[77.594661454577334,17.449002801664996],[77.597707415330333,17.446242772329956],[77.60291831501975,17.444151638317312],[77.604127989076261,17.443867175331036],[77.614271362819309,17.445946412402115],[77.614003052213604,17.464532620734786],[77.613000220641126,17.46682760760471],[77.615231101309291,17.472890680642834],[77.617340006931542,17.473884719871108],[77.622188774170354,17.473274997593432],[77.63824139700634,17.473518728229902],[77.640510631245547,17.47646421216373],[77.64478522859244,17.477566232834974],[77.647657943853005,17.487170848220892],[77.647875505035032,17.496075442188758],[77.64995224827517,17.499888251925434],[77.65689230697015,17.506461104351576],[77.654504478045425,17.495889416156533],[77.653327383189307,17.493894688637855],[77.652275256565602,17.482852273067056],[77.655439712291098,17.483082841286436],[77.657364856742191,17.480918485844075],[77.670527423239378,17.477889000623396],[77.676803069085594,17.478357411930276],[77.685483416912518,17.475440930595774],[77.68840212771228,17.475196079196021],[77.689631801860273,17.482811462758239],[77.689171782688135,17.486778251367546],[77.688005112780871,17.48942605166647],[77.692447535185764,17.497430210728243],[77.692128921619087,17.501775776163214],[77.689606988595514,17.506723583229874],[77.688798566823579,17.510938949026844],[77.687715908259975,17.511820253281982],[77.685968211620207,17.509195930585111],[77.683415927218121,17.508175644063762],[77.677493245616702,17.50997983493723],[77.675454127413943,17.508620478976198],[77.673015365809249,17.509420708405301],[77.668641719320846,17.511608284997841],[77.667064934350392,17.514188275205903],[77.666542915253956,17.517129469678032],[77.662009577054121,17.522822747272727],[77.658590866662195,17.522050771329248],[77.645265094244166,17.522382222612869],[77.640443436363995,17.524149062249304],[77.640170396128354,17.525161067143831],[77.636996664399234,17.525712419364666],[77.631656773821518,17.523941628774608],[77.63111999091339,17.524962663608925],[77.627960353751106,17.523634464003436],[77.623388060108937,17.525626778182993],[77.622940656876636,17.528161253839453],[77.621556209293374,17.528951834020521],[77.620972249561461,17.530397511871495],[77.619357136172795,17.528874954839679],[77.615293083267261,17.532443811748564],[77.613211651719681,17.532958702797774],[77.612062495367184,17.53475670182657],[77.610084856065825,17.532831957595704],[77.607381928682159,17.532253426117581],[77.604984867771279,17.533608509767873],[77.603011473009644,17.535840070022168],[77.602239254241951,17.535275248154367],[77.599630342739289,17.535713127253203],[77.596899290002426,17.534303174190043],[77.595622731881377,17.536588979927064],[77.595583617437299,17.544874608014325],[77.595700630189583,17.549026477617211],[77.597225719810368,17.553725216115215],[77.593799868710235,17.56451313930496],[77.589071128071467,17.564697511426257],[77.588095448078462,17.560002910809679],[77.581965137967103,17.559884570080371],[77.571534057194768,17.556620064640509],[77.567366096160313,17.556356815193411],[77.560849320932277,17.552568830270609],[77.554236594852128,17.553849551120592],[77.550559299015731,17.551733836799162],[77.545123497111831,17.564390483381764],[77.537436261984325,17.575442144022453],[77.528383405266979,17.575365538915623],[77.522858522826198,17.566955118815098],[77.516490743069511,17.559149452095628],[77.515439898341683,17.552417367604317],[77.506898762434361,17.542278968395724],[77.502164436969508,17.544449090197592],[77.500029516136621,17.546724692780582],[77.499442003567765,17.551779713195305],[77.500432642306876,17.556194220687534],[77.497355682490081,17.557712037229894],[77.496184209290988,17.559614728091066],[77.496124067082718,17.561277307308565],[77.494562044127335,17.563799157287804],[77.494065723136231,17.568357885080502],[77.485394155442918,17.567468290587716],[77.483943060950381,17.566728163348252],[77.478050992137213,17.56680353286804],[77.476230321753675,17.570612936684768],[77.474252856725457,17.572009909321391],[77.470823857030283,17.571857954218682],[77.470593847893369,17.57338507000626],[77.461812948043431,17.580752986372953],[77.460046614056466,17.580803429215212],[77.458581345047065,17.579972765587083],[77.455619605843538,17.582332236982122],[77.451441483964899,17.582171208101069],[77.443118997099432,17.583963189995622],[77.444051794215738,17.584355924160626],[77.444980442013758,17.58624855469105],[77.443286662257336,17.591688523039121],[77.446138363228471,17.596467347259779],[77.444762934730605,17.609406696798555],[77.448729592293034,17.609342054659617],[77.45114727313296,17.62320616014415],[77.455754308220406,17.632488361785462],[77.45589167769532,17.634177945736305],[77.452076150899671,17.636420231397121],[77.452233116224207,17.639998226795115],[77.449718586216889,17.643956710876925],[77.450013381852116,17.650579613601472],[77.448218287403023,17.651122396377421],[77.448928388567111,17.659430261898088],[77.451338254962351,17.664001320308294],[77.452376911348381,17.668627087253604],[77.454820527448845,17.674481119413851],[77.453487936911984,17.677110958051863],[77.454074172076531,17.681474855431397],[77.453703976347938,17.686494193403817],[77.455043523438363,17.688928720719698],[77.453229251754593,17.689570946822386],[77.452160024801131,17.691139005872415],[77.452430157190207,17.694703385755091],[77.455069688667649,17.694973421908404],[77.455871324565948,17.695854060393554],[77.457822819299267,17.696300524001948],[77.458867859113681,17.698623124828952],[77.467481584285864,17.702983701272149],[77.468065811715732,17.702486454421521],[77.471907633098056,17.702999650371481],[77.473444961366297,17.704169009791453],[77.477452243440794,17.705346248322392],[77.479732809028988,17.703935447621628],[77.48217573522335,17.70599883032855],[77.484150528661885,17.705604689130364],[77.484891280343476,17.70914312996258],[77.486023848405935,17.708937878125486],[77.486009143883052,17.707925913333064],[77.492269201264136,17.708125632181993],[77.494179406732044,17.709922633141026],[77.4970538593344,17.715514013931074],[77.501450472151362,17.716635213676668],[77.50469445123737,17.71557554506294],[77.507267514570287,17.716670533146235],[77.50914400536729,17.716292155371253],[77.509870039051265,17.71738409960658],[77.509543152000873,17.718928121238168],[77.511653609013592,17.72092447813035],[77.51655198032411,17.720159183646686],[77.518242262939097,17.723580195971135],[77.520513948680716,17.724435491904533],[77.522007476892313,17.726026493070808],[77.524709317314489,17.725097133613467],[77.528589061974856,17.725166938356185],[77.531326202594443,17.728669660755511],[77.533283149203214,17.727676676280769],[77.537336938856612,17.728586730789445],[77.539147555295528,17.727887262231118],[77.542187862950414,17.728936702344086],[77.545963881839896,17.726840732926323],[77.547024138216898,17.728457046111664],[77.546226736078552,17.732823942600223],[77.548337572180316,17.734523429402376],[77.54861044622767,17.735765964658903],[77.550590095958626,17.736765197354217],[77.552678993404555,17.735907550841858],[77.55669519035996,17.737377399065544],[77.558009094142292,17.74138516412069],[77.560941046109292,17.74280930305903],[77.564386406820788,17.747856429958283],[77.568534241999586,17.748906357102555],[77.567265784885791,17.759597407414841],[77.568981124209031,17.762371787843243],[77.569149534070306,17.766491972148962],[77.566277937212263,17.76675312471825],[77.561426803811003,17.764750218399776],[77.559827929267726,17.763417597050278],[77.554859018647875,17.763970857100265],[77.55010014042962,17.767208224759141],[77.548229105999667,17.767060503950944],[77.546055077010891,17.771655783145707],[77.540256529107012,17.774378055859543],[77.540542172706111,17.77777109158793],[77.537509080319566,17.779933694575806],[77.536589559404831,17.779942305973037],[77.535803006220164,17.778112279352307],[77.534393344723497,17.777628224605056],[77.533058421261842,17.778508534691042],[77.531662662092515,17.778489788263094],[77.528671888440698,17.780656791310033],[77.526998311795026,17.77989697017393],[77.52711068025728,17.781338168032963],[77.526356033434865,17.781631430318335],[77.5221126983582,17.780553990412766],[77.517513910703371,17.78249406701368],[77.512331765187881,17.782129679815302],[77.510354499585688,17.784369277359072],[77.506336179012962,17.785315547875388],[77.506557387355045,17.7859526760056],[77.507584121300596,17.787864283696916],[77.509003593298502,17.787783828381954],[77.511134698986353,17.79566844202655],[77.514869466339647,17.803544919950447],[77.514939018400511,17.805446897748205],[77.517117508422999,17.806044469017895],[77.520454339173426,17.809755323818237],[77.522943563639188,17.811405615337037],[77.526937206592763,17.813305124882419],[77.529031470574182,17.812931221778932],[77.529401748049452,17.817173493750914],[77.527651500194267,17.826460919989088],[77.528410723034753,17.826759470973222],[77.528221426444816,17.827897825044666],[77.53237622716037,17.829110618922002],[77.54131003374637,17.828581669844532],[77.543711285298059,17.827670145576299],[77.54424863863639,17.828433858720295],[77.546696606176113,17.828484576636189],[77.548741452037149,17.822793157660808],[77.548908713851446,17.819379193631619],[77.55402610790297,17.82006789197624],[77.560682707701574,17.838645540741823],[77.567435209843339,17.845419690071996],[77.564843458857581,17.851187919075937],[77.569324816043491,17.851564266028639],[77.569998968426532,17.867647287325781],[77.573456636955726,17.869188787312396],[77.576398783902931,17.875419404915384],[77.578545934400069,17.873707766765296],[77.580588870442796,17.873446244200618],[77.580866386983516,17.875365407109385],[77.583417886258061,17.877037235999762],[77.594485939042173,17.872332137637681],[77.595887177036431,17.87211099395623],[77.599076510705416,17.873087294152175],[77.600370087409459,17.880601400323254],[77.595826402414204,17.88135516492439],[77.590691518164121,17.88890775702065],[77.585990908268471,17.893844590745225],[77.586330042051159,17.896446817804957],[77.585065186283373,17.897661789041084],[77.584998116267613,17.901926417327527],[77.586063174139838,17.907835700930608],[77.586336688685947,17.908617306627576],[77.589168164088463,17.907876992606209],[77.594911491653505,17.905135832238841],[77.599993759780759,17.904138214049173],[77.605183923658473,17.907811702586592],[77.619038615132595,17.904058633612188],[77.621133331864954,17.9157819471436],[77.620340296437178,17.921849085666192],[77.62199651134334,17.929574263044671],[77.621633029623212,17.932320962302267],[77.61868300265435,17.939490307015351],[77.622944728041531,17.945521457414603],[77.626432689558698,17.945507946850402],[77.632511877445538,17.946673423857028],[77.632885034919624,17.955803493169046],[77.630496675090583,17.956716105431973],[77.628382066962899,17.958586416364614],[77.624544538629308,17.959602860201631],[77.633012854404768,17.967382102261325],[77.633291121038752,17.960366260410151],[77.635127240648558,17.959245829601159],[77.634971415286117,17.957863449317724],[77.637213184433847,17.952324764969692],[77.640621006346223,17.951886353285079],[77.640899656560848,17.954113512586851],[77.643538009448591,17.952301750293287],[77.649484948257637,17.950015251914916],[77.649514400422532,17.959068526632219],[77.652163089325967,17.963588360305682],[77.65520367905188,17.966962657849315],[77.65585520017801,17.96883926311158],[77.655020007712267,17.970949101941091],[77.649898938652953,17.976366363609923],[77.648214124083054,17.980256199648274],[77.651335555896338,17.987696308070916],[77.652039844062244,17.993894347962495],[77.648905627425847,17.99887761858389],[77.646337306299316,17.999279953947962],[77.638745324032982,17.996452546155044],[77.627787437042045,17.996787186393384],[77.619661834835682,18.006493717088926],[77.611550231076421,18.008042758970284],[77.6074706507912,18.009853934774426],[77.60707388469315,18.011231755196967],[77.607943929096947,18.017957909406025],[77.605933840850923,18.020232988013067],[77.60164284475853,18.019840170722713],[77.59781044939848,18.014210618766093],[77.59585594261398,18.012850956426412],[77.591174408443393,18.011454291853664],[77.588590215882448,18.012156280175127],[77.586873565018877,18.013506161207857],[77.584891284122435,18.01678557332453],[77.583246483210274,18.028262121766094],[77.580594572948243,18.03158233737345],[77.578477183636437,18.03279519593239],[77.573766327556655,18.03246551688661],[77.560614313569104,18.03622474305017],[77.553786323299093,18.035820851188905],[77.55286956739883,18.038799214230593],[77.551834536613313,18.050695410612839],[77.549478579914876,18.05124186634978],[77.549610722093178,18.054389406777013],[77.548609204755948,18.054562340909172],[77.547635672634769,18.056131123693874],[77.54833519523811,18.065210483986139],[77.557425002358016,18.063731277916325],[77.558061340159213,18.068323013158164],[77.559430543332113,18.069601318196387],[77.559713802802435,18.071882261933418],[77.56592167435376,18.076673976720731],[77.569426638284284,18.078244236660531],[77.57592261392027,18.078059048322249],[77.58358117302727,18.082458280026344],[77.585512972197961,18.081842897391532],[77.595637864900681,18.08602777202027],[77.597206877647267,18.087136483288852],[77.598803710319913,18.093331322063982],[77.598874465224924,18.098248690906818],[77.600877227709844,18.102345252174402],[77.601554057970802,18.105903354809794],[77.599160684644133,18.120994499962602],[77.59699074837981,18.123674485703706],[77.594403380274287,18.132724161350747],[77.59477372871649,18.142376436218822],[77.596842881192458,18.155947615084017],[77.592395115608269,18.155440248202638],[77.584215854335042,18.159233784021573],[77.583528373648107,18.160729809149178],[77.581313921369883,18.162316705010007],[77.579767026043896,18.165545889393716],[77.579823820231098,18.167279280625561],[77.577156382589351,18.17249270762845],[77.574722206884175,18.174097715420693],[77.574654667049586,18.176542669321837],[77.571989358415053,18.184478958687496],[77.572303148028624,18.188255981965312],[77.570688821564147,18.192169291169083],[77.566574211474446,18.194266329602204],[77.564048957379256,18.194261470328396],[77.563460543800147,18.196128998587973],[77.56388449830861,18.201937916299151],[77.56550539505109,18.204182330100647],[77.572148102403872,18.20351492924695],[77.57482154258831,18.201627123930475],[77.580579236011403,18.213849361212482],[77.585314658319234,18.219820317615952],[77.58149475223658,18.224855336876843],[77.581847432613728,18.226971955347832],[77.579880457213122,18.228157467405705],[77.58051788377243,18.232168678422727],[77.576176202036777,18.237298489983253],[77.573011572038112,18.239444222007386],[77.572563905599395,18.240480117230245],[77.573289042764742,18.241228958405149],[77.573155004242906,18.242433152326953],[77.571779635932188,18.244001910058984],[77.573784372914076,18.244987761132329],[77.574156727294294,18.246511954747916],[77.575368586053642,18.247451397741106],[77.575749876874269,18.249586274606052],[77.577010070385768,18.250133986578625],[77.579349367827263,18.255862229982878],[77.583150102065133,18.260783459609211],[77.58516686389541,18.26185076138858],[77.591185259193736,18.262411757056579],[77.594886554421208,18.265307379345916],[77.597529830076752,18.271886963759325],[77.601169844930496,18.277622650087025],[77.604299906858714,18.278766202690989],[77.605417238595649,18.281349021415284],[77.581849335245508,18.285384231205384],[77.576161305274397,18.288732974895559],[77.572557079301561,18.293302324834869],[77.570210179417828,18.292530281968499],[77.569061000607476,18.289799529022375],[77.566937702177725,18.287280906067679],[77.562964609084631,18.284960295675713],[77.561340897022063,18.284949156904304],[77.557112411995362,18.287689625373694],[77.554107200620265,18.290876903659601],[77.540481409761981,18.294492714821239],[77.532717657036912,18.2986991118674],[77.523727517099431,18.308210178263042],[77.512631376691346,18.309598495333777],[77.509985157256637,18.3075652316072],[77.50882024355576,18.304282308184849],[77.510076857280808,18.301523284237469],[77.511086030959206,18.295301170617627],[77.510231555257604,18.292479126367116],[77.512046374913709,18.290739857641839],[77.512288782598162,18.284548290306834],[77.511557524312494,18.282049339074831],[77.509615608315059,18.281813031621329],[77.507979767199515,18.279047505074875],[77.505220569346463,18.277023706861478],[77.49866330076037,18.276746934879231],[77.497512272318815,18.275151519656728],[77.496280101752617,18.274714131920472],[77.492667112714187,18.267203505119618],[77.481379541319029,18.272356190750344],[77.479732498211931,18.268177775864995],[77.478738780946301,18.267999881970596],[77.478365079991491,18.266737458005604],[77.477152159423497,18.266591241418922],[77.475748919982806,18.264662942731949],[77.469000790839843,18.264054264866477],[77.465037483095131,18.262536027733699],[77.462037589746529,18.263298596897098],[77.457352854878607,18.265968234796325],[77.452333917978876,18.266977866963547],[77.451319930228891,18.267813977832173],[77.451779492158579,18.269722541586738],[77.447578039235395,18.269995221694497],[77.445580478894286,18.276621079270075],[77.445857768161261,18.283808453021571],[77.442577581579371,18.28245209139433],[77.44034554837269,18.282629054382316],[77.438344125275904,18.286444869400416],[77.438139784599898,18.290217087291047],[77.43651164923287,18.29322865587233],[77.436667854582694,18.300312242255668],[77.438087033729772,18.307679988843727],[77.437664761765845,18.310313822119056],[77.428307787595585,18.312364742814896],[77.425562612444111,18.307880113212793],[77.41703212157293,18.306431994056492],[77.410137422409889,18.301604037922072],[77.408995191169922,18.301468678848185],[77.401421185989065,18.304485266274085],[77.394853864356605,18.303589206900998],[77.390034566350707,18.306266286588293],[77.388107153653522,18.30656003775918],[77.385118130818171,18.309311490998248],[77.375961199783575,18.309112824931695],[77.365789683619298,18.30712476329284],[77.361998342166075,18.31295672429566],[77.35795617761076,18.316674337409623],[77.356724359184142,18.320202074337022],[77.364514457699855,18.322233367253528],[77.368553860834012,18.323977308378062],[77.368880154996305,18.324944093376644],[77.37160465542155,18.325208459174682],[77.375618161024335,18.332052485821293],[77.378044834000249,18.332169895848892],[77.380940033194065,18.331021951203269],[77.380490687804112,18.333108205362365],[77.38098052206054,18.338911047739515],[77.382427836442361,18.342252765227261],[77.384159255609163,18.342467274293924],[77.385486128369237,18.34081154546325],[77.389180862301913,18.343747685083525],[77.390160057402639,18.343709285184818],[77.394980648084257,18.341501456147071],[77.393891002424382,18.343830028898832],[77.394339956148855,18.347429060416342],[77.400148559794047,18.347446443383554],[77.3989289512688,18.359785706338354],[77.394869831012485,18.368454657598328],[77.396457136153217,18.370465438263842],[77.4017473391159,18.371915611890699],[77.402594002169522,18.373927366717236],[77.408290830240475,18.375794445176702],[77.40983598193651,18.377411424835575],[77.413287119713573,18.38506988825818],[77.412976679917705,18.388373342622586],[77.41409430989529,18.393107539995103],[77.407077422785619,18.397556431357682],[77.40486283665841,18.398196008638187],[77.403573564681167,18.399646324059631],[77.40083132342744,18.399877068861372],[77.400069376895033,18.400773881843509],[77.400164273125014,18.401998141595328],[77.395566858994258,18.401989592224346],[77.392900178632303,18.401329624681562],[77.392199569965811,18.399724338328376],[77.388430386357342,18.39953491133048],[77.383854311706173,18.399510228609934],[77.38236130721242,18.400949138281419],[77.372832834772936,18.401102709031687],[77.372331023278818,18.406727179414297],[77.370499443754426,18.407788717153728],[77.368388501651424,18.412525370003593],[77.370645622109038,18.418791367179889],[77.367264200784547,18.418694177193611],[77.365453400191029,18.424318440062475],[77.365403482607334,18.427717877273242],[77.362149267218626,18.429888426391432],[77.364458648964515,18.434519139972782],[77.362028064723873,18.435578363762474],[77.361838487859586,18.437279156348779],[77.367498881160941,18.446956228989222],[77.36719815574655,18.44960813862637],[77.365635930670223,18.451564090247892],[77.35730962057491,18.449006507719474],[77.357293186795076,18.448351386947493],[77.353485133982602,18.447666556751571],[77.351074154574704,18.442204446348214],[77.347957759615198,18.439470837617844],[77.347504352043543,18.433959238102894],[77.345218318410218,18.433611077098249],[77.33872796532961,18.438728248401887],[77.335657446433387,18.44231689837568],[77.336031787886995,18.45015495429843],[77.3322991172016,18.450861139371746]]],[[[77.278848493617176,18.475738029087001],[77.275040218920793,18.477720642022913],[77.272150325177066,18.472962377624512],[77.27105247340711,18.467708161394594],[77.271267873242564,18.465768725233772],[77.269381468638088,18.463860403614149],[77.267749964588745,18.459676337212777],[77.267473565552208,18.454612696322414],[77.280008744163425,18.453606871515195],[77.282339677391278,18.455641345930676],[77.284330880355128,18.455190917849059],[77.285454982694318,18.456018775803699],[77.288641994218281,18.455335888332787],[77.2942328534251,18.458822249715929],[77.295945069306086,18.460924762900095],[77.295456146839683,18.461292137618635],[77.296128118113245,18.463466714644351],[77.298660028724683,18.465179716390711],[77.299528663671794,18.464879611418866],[77.300290751239714,18.473027627624038],[77.296383927763415,18.477015581366821],[77.289148453595701,18.476503805863818],[77.28682108488286,18.474358396894385],[77.280508937791708,18.474776842696603],[77.278848493617176,18.475738029087001]]]]},"properties":{"STNAME":"KARNATAKA","STCODE11":"29","STNAME_SH":"Karnataka","Shape_Length":4823245.1916927444,"Shape_Area":206402356817.23291,"State_LGD":29,"OBJECTID_1":1,"OBJECTID":16,"SHAPE_Leng":4823245.1916899998}}]}